PRAGMA foreign_keys=OFF;
BEGIN TRANSACTION;
CREATE TABLE nixpkg (pname TEXT NOT NULL PRIMARY KEY UNIQUE, comment TEXT, disabled TEXT, dependency TEXT, description TEXT);
INSERT INTO nixpkg VALUES('alejandra',NULL,NULL,NULL,'The Uncompromising Nix Code Formatter');
INSERT INTO nixpkg VALUES('amdgpu_top',NULL,'amdgpu',NULL,'Tool to display AMDGPU usage');
INSERT INTO nixpkg VALUES('aria',NULL,NULL,'yt-dlp','A lightweight, multi-protocol, multi-source, command-line download utility');
INSERT INTO nixpkg VALUES('atomicparsley',NULL,NULL,'yt-dlp','A CLI program for reading, parsing and setting metadata into MPEG-4 files');
INSERT INTO nixpkg VALUES('attr',NULL,'silverblue/sericea default','yt-dlp','Library and tools for manipulating extended attributes');
INSERT INTO nixpkg VALUES('atuin',NULL,NULL,NULL,'Replacement for a shell history which records additional commands context with optional encrypted synchronization between machines');
INSERT INTO nixpkg VALUES('avfs',NULL,'tmp',NULL,'Virtual filesystem that allows browsing of compressed files');
INSERT INTO nixpkg VALUES('azure-cli',NULL,'dasa.net',NULL,'Next generation multi-platform command line experience for Azure');
INSERT INTO nixpkg VALUES('bashate',NULL,'broken',NULL,'Style enforcement for bash programs');
INSERT INTO nixpkg VALUES('bash-preexec',NULL,NULL,'atuin','preexec and precmd functions for Bash just like Zsh');
INSERT INTO nixpkg VALUES('bcc',NULL,'trace',NULL,'Dynamic Tracing Tools for Linux');
INSERT INTO nixpkg VALUES('bchunk',NULL,'tmp',NULL,'A program that converts CD images in BIN/CUE format into a set of ISO and CDR tracks');
INSERT INTO nixpkg VALUES('bindfs',NULL,NULL,NULL,'A FUSE filesystem for mounting a directory to another location');
INSERT INTO nixpkg VALUES('bitwarden-cli','bw',NULL,NULL,'A secure and free password manager for all of your devices.');
INSERT INTO nixpkg VALUES('black',NULL,NULL,NULL,'The uncompromising Python code formatter');
INSERT INTO nixpkg VALUES('borgbackup',NULL,NULL,NULL,'Deduplicating archiver with compression and encryption');
INSERT INTO nixpkg VALUES('brightnessctl',NULL,'light sericea default',NULL,'This program allows you read and control device brightness');
INSERT INTO nixpkg VALUES('bsdiff',NULL,'tmp',NULL,'An efficient binary diff/patch tool');
INSERT INTO nixpkg VALUES('btfs',NULL,'tmp',NULL,'A bittorrent filesystem based on FUSE');
INSERT INTO nixpkg VALUES('btop',NULL,'tmp',NULL,'A monitor of resources');
INSERT INTO nixpkg VALUES('cdesktopenv','libsForQt5.qtstyleplugin-kvantum','tmp',NULL,'Common Desktop Environment');
INSERT INTO nixpkg VALUES('chars','unicode','unicode',NULL,'Commandline tool to display information about unicode characters');
INSERT INTO nixpkg VALUES('cicero-tui','unicode','unicode',NULL,'Unicode tool with a terminal user interface');
INSERT INTO nixpkg VALUES('cntr',NULL,NULL,NULL,'A container debugging tool based on FUSE');
INSERT INTO nixpkg VALUES('cool-retro-term',NULL,'broken',NULL,'Terminal emulator which mimics the old cathode display');
INSERT INTO nixpkg VALUES('csvs-to-sqlite',NULL,'pipx',NULL,'Convert CSV files into a SQLite database');
INSERT INTO nixpkg VALUES('czkawka',NULL,'flatpak',NULL,'A simple, fast and easy to use app to remove unnecessary files from your computer');
INSERT INTO nixpkg VALUES('dar',NULL,'tmp',NULL,'Disk ARchiver, allows backing up files into indexed archives');
INSERT INTO nixpkg VALUES('dbeaver',NULL,'flatpak avaliable',NULL,'Universal SQL Client for developers, DBA and analysts. Supports MySQL, PostgreSQL, MariaDB, SQLite, and more');
INSERT INTO nixpkg VALUES('ddcutil',NULL,'tmp',NULL,'Query and change Linux monitor settings using DDC/CI and USB');
INSERT INTO nixpkg VALUES('deno',NULL,NULL,NULL,'A secure runtime for JavaScript and TypeScript');
INSERT INTO nixpkg VALUES('dialog',NULL,NULL,NULL,'Display dialog boxes from shell');
INSERT INTO nixpkg VALUES('dig','BIND Domain name server client tools',NULL,NULL,'Domain name server');
INSERT INTO nixpkg VALUES('dive',NULL,'tmp',NULL,'A tool for exploring each layer in a docker image');
INSERT INTO nixpkg VALUES('dmtx-utils',NULL,NULL,NULL,'Data matrix command-line utilities');
INSERT INTO nixpkg VALUES('docker-buildx',NULL,'tmp',NULL,'Docker CLI plugin for extended build capabilities with BuildKit');
INSERT INTO nixpkg VALUES('docker-client',NULL,NULL,NULL,'An open source project to pack, ship and run any application as a lightweight container');
INSERT INTO nixpkg VALUES('docker-compose',NULL,NULL,NULL,'Docker CLI plugin to define and run multi-container applications with Docker');
INSERT INTO nixpkg VALUES('envfs','fuse mount /usr/bin with $PATH for nix','tmp',NULL,'Fuse filesystem that returns symlinks to executables based on the PATH of the requesting process.');
INSERT INTO nixpkg VALUES('Fabric',NULL,'pipx',NULL,'Pythonic remote execution');
INSERT INTO nixpkg VALUES('ffmpeg_6-full',NULL,NULL,NULL,'A complete, cross-platform solution to record, convert and stream audio and video');
INSERT INTO nixpkg VALUES('ffmpeg_6-headless',NULL,'no ffplay',NULL,'A complete, cross-platform solution to record, convert and stream audio and video');
INSERT INTO nixpkg VALUES('ffmpeg-headless',NULL,'no ffplay',NULL,'A complete, cross-platform solution to record, convert and stream audio and video');
INSERT INTO nixpkg VALUES('fnott','wlroots notification daemon','dunst sericea default',NULL,'Keyboard driven and lightweight Wayland notification daemon for wlroots-based compositors');
INSERT INTO nixpkg VALUES('fossil',NULL,'tmp',NULL,'Simple, high-reliability, distributed software configuration management');
INSERT INTO nixpkg VALUES('fribidi','unicode','silverblue/sericea default','yt-dlp','GNU implementation of the Unicode Bidirectional Algorithm (bidi)');
INSERT INTO nixpkg VALUES('fuseiso',NULL,'tmp',NULL,'FUSE module to mount ISO filesystem images');
INSERT INTO nixpkg VALUES('gamescope',NULL,'steam container',NULL,'SteamOS session compositing window manager');
INSERT INTO nixpkg VALUES('gifsicle',NULL,NULL,NULL,'Command-line tool for creating, editing, and getting information about GIF images and animations');
INSERT INTO nixpkg VALUES('git-filter-repo',NULL,'tmp',NULL,'Quickly rewrite git repository history');
INSERT INTO nixpkg VALUES('gitfs',NULL,NULL,NULL,'A FUSE filesystem that fully integrates with git');
INSERT INTO nixpkg VALUES('gitFull',NULL,'special case',NULL,'Distributed version control system');
INSERT INTO nixpkg VALUES('git-lfs',NULL,NULL,NULL,'Git extension for versioning large files');
INSERT INTO nixpkg VALUES('gitui',NULL,NULL,NULL,'Blazing fast terminal-ui for Git written in Rust');
INSERT INTO nixpkg VALUES('gmic','pipelines for 1d/2d/3d multispectral image processing','tmp',NULL,'Open and full-featured framework for image processing');
INSERT INTO nixpkg VALUES('gnome.file-roller',NULL,'tmp',NULL,'Archive manager for the GNOME desktop environment');
INSERT INTO nixpkg VALUES('gnome.gvfs',NULL,'gvfs',NULL,'Virtual Filesystem support library (full GNOME support)');
INSERT INTO nixpkg VALUES('gnome.zenity',NULL,'dialog',NULL,'Tool to display dialogs from the commandline and shell scripts');
INSERT INTO nixpkg VALUES('gnupatch',NULL,NULL,NULL,'GNU Patch, a program to apply differences to files');
INSERT INTO nixpkg VALUES('graalvm-ce',NULL,NULL,NULL,'High-Performance Polyglot VM');
INSERT INTO nixpkg VALUES('graphviz',NULL,NULL,NULL,'Graph visualization tools');
INSERT INTO nixpkg VALUES('gvfs',NULL,'gvfs',NULL,'Virtual Filesystem support library');
INSERT INTO nixpkg VALUES('haskellPackages.dhall-bash',NULL,NULL,NULL,'Compile Dhall to Bash');
INSERT INTO nixpkg VALUES('haskellPackages.dhall-json',NULL,NULL,NULL,'Convert between Dhall and JSON or YAML');
INSERT INTO nixpkg VALUES('haskellPackages.dhall',NULL,NULL,NULL,'A configuration language guaranteed to terminate');
INSERT INTO nixpkg VALUES('helvum',NULL,'flatpak avaliable',NULL,'A GTK patchbay for pipewire');
INSERT INTO nixpkg VALUES('hivemind',NULL,'tmp',NULL,'Process manager for Procfile-based applications');
INSERT INTO nixpkg VALUES('hocr-tools',NULL,'tmp',NULL,replace('\nTools for manipulating and evaluating the hOCR format for representing multi-lingual OCR results by embedding them into HTML','\n',char(10)));
INSERT INTO nixpkg VALUES('honcho',NULL,'pipx',NULL,'A Python clone of Foreman, a tool for managing Procfile-based applications');
INSERT INTO nixpkg VALUES('htop',NULL,'tmp',NULL,'An interactive process viewer');
INSERT INTO nixpkg VALUES('hwinfo','mk_isdnhwdb,check_hd,hwinfo,convert_hd,getsysinfo','tmp',NULL,'Hardware detection tool from openSUSE');
INSERT INTO nixpkg VALUES('hwloc','lstopo','tmp',NULL,'Portable abstraction of hierarchical architectures for high-performance computing');
INSERT INTO nixpkg VALUES('icoutils',NULL,'tmp',NULL,'Set of programs to deal with Microsoft Windows(R) icon and cursor files');
INSERT INTO nixpkg VALUES('iotop',NULL,'sudo, trace',NULL,'A tool to find out the processes doing the most IO');
INSERT INTO nixpkg VALUES('isolate',NULL,'broken',NULL,'Sandbox for securely executing untrusted programs');
INSERT INTO nixpkg VALUES('kanshi',NULL,'sericea default',NULL,'Dynamic display configuration tool');
INSERT INTO nixpkg VALUES('kio-fuse',NULL,'broken',NULL,'FUSE Interface for KIO');
INSERT INTO nixpkg VALUES('krb5',NULL,'tmp',NULL,'MIT Kerberos 5');
INSERT INTO nixpkg VALUES('kubectl',NULL,NULL,NULL,'Kubernetes CLI');
INSERT INTO nixpkg VALUES('kubectl-tree',NULL,'tmp',NULL,'kubectl plugin to browse Kubernetes object hierarchies as a tree');
INSERT INTO nixpkg VALUES('leptonica',NULL,'silverblue/sericea default',NULL,'Image processing and analysis library');
INSERT INTO nixpkg VALUES('libaom',NULL,'sericea default',NULL,'Alliance for Open Media AV1 codec library');
INSERT INTO nixpkg VALUES('libarchive','bsdtar bsdcpio bsdcat',NULL,NULL,'Multi-format archive and compression library');
INSERT INTO nixpkg VALUES('libavif',NULL,'tmp',NULL,'C implementation of the AV1 Image File Format');
INSERT INTO nixpkg VALUES('libjxl',NULL,NULL,NULL,'JPEG XL image format reference implementation.');
INSERT INTO nixpkg VALUES('libsForQt5.ark','kde archive file manager','tmp',NULL,'Graphical file compression/decompression utility');
INSERT INTO nixpkg VALUES('libsForQt5.kdeconnect-kde',NULL,'broken',NULL,'KDE Connect provides several features to integrate your phone and your computer');
INSERT INTO nixpkg VALUES('libsForQt5.qtstyleplugin-kvantum','Commonality kde+kvantum CDE theme','tmp',NULL,'SVG-based Qt5 theme engine plus a config tool and extra themes');
INSERT INTO nixpkg VALUES('libuchardet','unicode','unicode',NULL,'Mozilla''s Universal Charset Detector C/C++ API');
INSERT INTO nixpkg VALUES('libwebp',NULL,NULL,NULL,'Tools and library for the WebP image format');
INSERT INTO nixpkg VALUES('light',NULL,'sericea default',NULL,'GNU/Linux application to control backlights');
INSERT INTO nixpkg VALUES('lnav',NULL,NULL,NULL,'The Logfile Navigator');
INSERT INTO nixpkg VALUES('lshw',NULL,NULL,NULL,'Provide detailed information on the hardware configuration of the machine');
INSERT INTO nixpkg VALUES('lurk',NULL,'trace',NULL,'A simple and pretty alternative to strace');
INSERT INTO nixpkg VALUES('maturin',NULL,NULL,NULL,'Build and publish Rust crates Python packages');
INSERT INTO nixpkg VALUES('mimalloc',NULL,NULL,NULL,'Compact, fast, general-purpose memory allocator');
INSERT INTO nixpkg VALUES('minify',NULL,'tmp',NULL,'Minifiers for web formats');
INSERT INTO nixpkg VALUES('minijail',NULL,'broken',NULL,'Sandboxing library and application using Linux namespaces and capabilities');
INSERT INTO nixpkg VALUES('miniupnpc',NULL,NULL,NULL,'A client that implements the UPnP Internet Gateway Device (IGD) specification');
INSERT INTO nixpkg VALUES('mosh',NULL,'tmp',NULL,'Mobile shell (ssh replacement)');
INSERT INTO nixpkg VALUES('motif',NULL,'libsForQt5.qtstyleplugin-kvantum',NULL,'Unix standard widget-toolkit and window-manager');
INSERT INTO nixpkg VALUES('mpvpaper',NULL,NULL,NULL,'A video wallpaper program for wlroots based wayland compositors');
INSERT INTO nixpkg VALUES('mypy',NULL,NULL,NULL,'Optional static typing for Python');
INSERT INTO nixpkg VALUES('ncdu',NULL,NULL,NULL,'Disk usage analyzer with an ncurses interface');
INSERT INTO nixpkg VALUES('ncpamixer',NULL,'pavucontrol sericea default',NULL,'An ncurses mixer for PulseAudio inspired by pavucontrol');
INSERT INTO nixpkg VALUES('nethogs',NULL,'sudo, trace',NULL,'A small ''net top'' tool, grouping bandwidth by process');
INSERT INTO nixpkg VALUES('networkmanager','nmtui',NULL,NULL,'Network configuration and management tool');
INSERT INTO nixpkg VALUES('newt','whiptail','dialog',NULL,'Library for color text mode, widget based user interfaces');
INSERT INTO nixpkg VALUES('nip2','vips gui','gui',NULL,'Graphical user interface for VIPS image processing system');
INSERT INTO nixpkg VALUES('nix-bundle',NULL,NULL,NULL,'Create bundles from Nixpkgs attributes');
INSERT INTO nixpkg VALUES('nix-eval-jobs',NULL,NULL,NULL,'Hydra''s builtin hydra-eval-jobs as a standalone');
INSERT INTO nixpkg VALUES('nix-index',NULL,NULL,NULL,'A files database for nixpkgs');
INSERT INTO nixpkg VALUES('nixos-rebuild',NULL,'tmp',NULL,'Rebuild your NixOS configuration and switch to it, on local hosts and remote.');
INSERT INTO nixpkg VALUES('nixStatic',NULL,'manage outside nixpkgs-aliases',NULL,'Powerful package manager that makes package management reliable and reproducible');
INSERT INTO nixpkg VALUES('nix-tree',NULL,NULL,NULL,'Interactively browse a Nix store paths dependencies');
INSERT INTO nixpkg VALUES('nodePackages.bash-language-server',NULL,'npx',NULL,'A language server for Bash');
INSERT INTO nixpkg VALUES('nodePackages.eslint_d',NULL,'broken',NULL,'Makes eslint the fastest linter on the planet');
INSERT INTO nixpkg VALUES('nodePackages.eslint',NULL,'broken plugins',NULL,'An AST-based pattern checker for JavaScript.');
INSERT INTO nixpkg VALUES('nodePackages.prettier_d_slim',NULL,'broken',NULL,'Makes prettier fast');
INSERT INTO nixpkg VALUES('nodePackages.prettier',NULL,'broken plugins',NULL,'Prettier is an opinionated code formatter');
INSERT INTO nixpkg VALUES('nodePackages.pyright',NULL,NULL,NULL,'Type checker for the Python language');
INSERT INTO nixpkg VALUES('nodePackages.typescript-language-server',NULL,'npx',NULL,'Language Server Protocol (LSP) implementation for TypeScript using tsserver');
INSERT INTO nixpkg VALUES('nodePackages.vscode-langservers-extracted',NULL,'npx',NULL,'HTML/CSS/JSON/ESLint language servers extracted from [vscode](https://github.com/Microsoft/vscode).');
INSERT INTO nixpkg VALUES('numactl',NULL,'tmp',NULL,'Library and tools for non-uniform memory access (NUMA) machines');
INSERT INTO nixpkg VALUES('oath-toolkit',NULL,NULL,NULL,'Components for building one-time password authentication systems');
INSERT INTO nixpkg VALUES('openal','openal-info','tmp',NULL,'OpenAL alternative');
INSERT INTO nixpkg VALUES('openldap','ldapsearch',NULL,NULL,'An open source implementation of the Lightweight Directory Access Protocol');
INSERT INTO nixpkg VALUES('openssl',NULL,NULL,NULL,'A cryptographic library that implements the SSL and TLS protocols');
INSERT INTO nixpkg VALUES('overmind',NULL,NULL,NULL,'Process manager for Procfile-based applications and tmux');
INSERT INTO nixpkg VALUES('par2cmdline',NULL,'tmp',NULL,'PAR 2.0 compatible file verification and repair tool');
INSERT INTO nixpkg VALUES('parallel',NULL,NULL,NULL,'Shell tool for executing jobs in parallel');
INSERT INTO nixpkg VALUES('pavucontrol',NULL,'sericea default',NULL,'PulseAudio Volume Control');
INSERT INTO nixpkg VALUES('pdfgrep',NULL,'tmp',NULL,'Commandline utility to search text in PDF files');
INSERT INTO nixpkg VALUES('perf-tools',NULL,'tmp',NULL,'Performance analysis tools based on Linux perf_events (aka perf) and ftrace');
INSERT INTO nixpkg VALUES('pikchr',NULL,'tmp',NULL,'A PIC-like markup language for diagrams in technical documentation');
INSERT INTO nixpkg VALUES('pipectl',NULL,NULL,NULL,'a simple named pipe management utility');
INSERT INTO nixpkg VALUES('pipx',NULL,NULL,NULL,'Install and run Python applications in isolated environments');
INSERT INTO nixpkg VALUES('plantuml-c4',NULL,'pulls jdk19',NULL,'PlantUML bundled with C4-Plantuml and plantuml sprites library');
INSERT INTO nixpkg VALUES('playerctl',NULL,NULL,NULL,'Command-line utility and library for controlling media players that implement MPRIS');
INSERT INTO nixpkg VALUES('podman-compose',NULL,'tmp',NULL,'An implementation of docker-compose with podman backend');
INSERT INTO nixpkg VALUES('poppler_utils','deb poppler-utils',NULL,NULL,'A PDF rendering library');
INSERT INTO nixpkg VALUES('procodile',NULL,'ruby',NULL,'Run processes in the background (and foreground) on Mac & Linux from a Procfile (for production and/or development environments)');
INSERT INTO nixpkg VALUES('profile-cleaner',NULL,'broken',NULL,'Reduces browser profile sizes by cleaning their sqlite databases');
INSERT INTO nixpkg VALUES('progress',NULL,NULL,NULL,'Tool that shows the progress of coreutils programs');
INSERT INTO nixpkg VALUES('proxychains-ng',NULL,'tmp',NULL,'A preloader which hooks calls to sockets in dynamically linked programs and redirects it through one or more socks/http proxies');
INSERT INTO nixpkg VALUES('pulseaudio-ctl',NULL,'broken',NULL,'Control pulseaudio volume from the shell or mapped to keyboard shortcuts. No need for alsa-utils');
INSERT INTO nixpkg VALUES('pv',NULL,NULL,NULL,'Tool for monitoring the progress of data through a pipeline');
INSERT INTO nixpkg VALUES('python311Packages.chardet','unicode','pipx',NULL,'Universal encoding detector');
INSERT INTO nixpkg VALUES('python311Packages.ftfy','unicode','pipx',NULL,'Given Unicode text, make its representation consistent and possibly less broken');
INSERT INTO nixpkg VALUES('python311Packages.paramiko',NULL,'pipx',NULL,'Native Python SSHv2 protocol library');
INSERT INTO nixpkg VALUES('python311Packages.pyupgrade',NULL,'pipx',NULL,'Tool to automatically upgrade syntax for newer versions of the language');
INSERT INTO nixpkg VALUES('python311Packages.xattr',NULL,'silverblue/sericea default','yt-dlp','Python wrapper for extended filesystem attributes');
INSERT INTO nixpkg VALUES('python311Packages.zfec',NULL,NULL,NULL,'Zfec, a fast erasure codec which can be used with the command-line, C, Python, or Haskell');
INSERT INTO nixpkg VALUES('radeontop',NULL,'amdgpu',NULL,'Top-like tool for viewing AMD Radeon GPU utilization');
INSERT INTO nixpkg VALUES('rancher',NULL,NULL,NULL,'The Rancher Command Line Interface (CLI) is a unified tool for interacting with your Rancher Server');
INSERT INTO nixpkg VALUES('rclone',NULL,NULL,NULL,'Command line program to sync files and directories to and from major cloud storage');
INSERT INTO nixpkg VALUES('rewritefs',NULL,'tmp',NULL,replace('A FUSE filesystem intended to be used\n      like Apache mod_rewrite','\n',char(10)));
INSERT INTO nixpkg VALUES('rfc',NULL,NULL,NULL,'A tool to read RFCs from the command line');
INSERT INTO nixpkg VALUES('rocm-smi',NULL,'amdgpu',NULL,'System management interface for AMD GPUs supported by ROCm');
INSERT INTO nixpkg VALUES('roc-toolkit','roc-recv,roc-conv,roc-send',NULL,NULL,'Roc is a toolkit for real-time audio streaming over the network');
INSERT INTO nixpkg VALUES('ruff',NULL,NULL,NULL,'An extremely fast Python linter');
INSERT INTO nixpkg VALUES('runit',NULL,'tmp',NULL,'UNIX init scheme with service supervision');
INSERT INTO nixpkg VALUES('selinux-python','fedora policycoreutils-devel(sepolicy) policycoreutils-python-utils(semanage)','pipx',NULL,'SELinux policy core utilities written in Python');
INSERT INTO nixpkg VALUES('selinux-sandbox',NULL,'broken',NULL,'SELinux sandbox utility');
INSERT INTO nixpkg VALUES('setools','setools-console-analyses(sedta) setools-console(sechecker) setools-console-analyses(seinfoflow) setools-gui(apol)','tmp',NULL,'SELinux Policy Analysis Tools');
INSERT INTO nixpkg VALUES('shellcheck',NULL,NULL,NULL,'Shell script analysis tool');
INSERT INTO nixpkg VALUES('shellharden',NULL,NULL,NULL,'The corrective bash syntax highlighter');
INSERT INTO nixpkg VALUES('shfmt',NULL,NULL,NULL,'A shell parser and formatter');
INSERT INTO nixpkg VALUES('sipcalc',NULL,'https://docs.python.org/3/library/ipaddress.html',NULL,'Advanced console ip subnet calculator');
INSERT INTO nixpkg VALUES('sommelier',NULL,'wayland',NULL,'Nested Wayland compositor with support for X11 forwarding');
INSERT INTO nixpkg VALUES('speechd','speech-dispatcher','tmp',NULL,'Common interface to speech synthesis');
INSERT INTO nixpkg VALUES('sqlar','sqlarfs,sqlar',NULL,NULL,'SQLite Archive utilities');
INSERT INTO nixpkg VALUES('sqldiff',NULL,NULL,NULL,'A tool that displays the differences between SQLite databases');
INSERT INTO nixpkg VALUES('sqlite-analyzer',NULL,NULL,NULL,'A tool that shows statistics about SQLite databases');
INSERT INTO nixpkg VALUES('sqlite-interactive','sqlite3',NULL,NULL,'A self-contained, serverless, zero-configuration, transactional SQL database engine');
INSERT INTO nixpkg VALUES('sqlite-utils',NULL,'pipx',NULL,'Python CLI utility and library for manipulating SQLite databases');
INSERT INTO nixpkg VALUES('squashfuse',NULL,NULL,NULL,'FUSE filesystem to mount squashfs archives');
INSERT INTO nixpkg VALUES('strace',NULL,'tmp',NULL,'A system call tracer for Linux');
INSERT INTO nixpkg VALUES('stun','stun,stund','tmp',NULL,'Stun server and test client');
INSERT INTO nixpkg VALUES('syncthing',NULL,NULL,NULL,'Open Source Continuous File Synchronization');
INSERT INTO nixpkg VALUES('sysstat','tapestat,sar,pidstat,mpstat,iostat,cifsiostat,sadf',NULL,NULL,'A collection of performance monitoring tools for Linux (such as sar, iostat and pidstat)');
INSERT INTO nixpkg VALUES('temurin-bin-17',NULL,'jdk17',NULL,'Eclipse Temurin, prebuilt OpenJDK binary');
INSERT INTO nixpkg VALUES('tesseract',NULL,'silverblue/sericea default',NULL,'OCR engine');
INSERT INTO nixpkg VALUES('tiptop','ptiptop,tiptop','tmp',NULL,'Performance monitoring tool for Linux');
INSERT INTO nixpkg VALUES('tmux',NULL,NULL,NULL,'Terminal multiplexer');
INSERT INTO nixpkg VALUES('transmission',NULL,NULL,NULL,'A fast, easy and free BitTorrent client');
INSERT INTO nixpkg VALUES('uni','unicode','unicode',NULL,'Query the Unicode database from the commandline, with good support for emojis');
INSERT INTO nixpkg VALUES('unpaper',NULL,NULL,NULL,'Post-processing tool for scanned sheets of paper');
INSERT INTO nixpkg VALUES('upnp-router-control',NULL,'gui, use miniupnpc(upnpc) instead',NULL,'Access some parameters of the router and manage port forwarding');
INSERT INTO nixpkg VALUES('usbtop',NULL,'tmp',NULL,'A top utility that shows an estimated instantaneous bandwidth on USB buses and devices');
INSERT INTO nixpkg VALUES('vips',NULL,NULL,NULL,'Image processing system for large images');
INSERT INTO nixpkg VALUES('waifu2x-converter-cpp',NULL,'tmp',NULL,'Improved fork of Waifu2X C++ using OpenCL and OpenCV');
INSERT INTO nixpkg VALUES('wayland-utils',NULL,NULL,NULL,'Wayland utilities (wayland-info)');
INSERT INTO nixpkg VALUES('waypipe',NULL,NULL,NULL,'A network proxy for Wayland clients (applications)');
INSERT INTO nixpkg VALUES('wayvnc','wlroots vnc',NULL,NULL,'A VNC server for wlroots based Wayland compositors');
INSERT INTO nixpkg VALUES('wdomirror',NULL,NULL,NULL,'Mirrors an output of a wlroots compositor to a window');
INSERT INTO nixpkg VALUES('wev','Wayland event viewer, sericea default',NULL,NULL,'Wayland event viewer');
INSERT INTO nixpkg VALUES('wf-recorder',NULL,NULL,NULL,'Utility program for screen recording of wlroots-based compositors');
INSERT INTO nixpkg VALUES('wl-clipboard','sericea default',NULL,NULL,'Command-line copy/paste utilities for Wayland');
INSERT INTO nixpkg VALUES('wl-mirror',NULL,NULL,NULL,'Mirrors an output onto a Wayland surface.');
INSERT INTO nixpkg VALUES('wlrctl',NULL,NULL,NULL,'Command line utility for miscellaneous wlroots Wayland extensions');
INSERT INTO nixpkg VALUES('wlroots',NULL,NULL,NULL,'A modular Wayland compositor library');
INSERT INTO nixpkg VALUES('wmctrl',NULL,NULL,NULL,'CLI tool to interact with EWMH/NetWM compatible X Window Managers');
INSERT INTO nixpkg VALUES('wtype',NULL,NULL,NULL,'xdotool type for wayland');
INSERT INTO nixpkg VALUES('xfce.exo','manage preferred applications and edit .desktop files',NULL,NULL,'Application library for Xfce');
INSERT INTO nixpkg VALUES('xfce.gigolo','remote filesystem manager',NULL,NULL,'A frontend to easily manage connections to remote filesystems');
INSERT INTO nixpkg VALUES('xorg.xrandr',NULL,NULL,NULL,'null');
INSERT INTO nixpkg VALUES('xterm',NULL,NULL,NULL,'null');
INSERT INTO nixpkg VALUES('zarchive','file archives + zstd + random-access reads','tmp',NULL,'File archive format supporting random-access reads');
INSERT INTO nixpkg VALUES('zathura',NULL,NULL,NULL,'A highly customizable and functional PDF viewer');
INSERT INTO nixpkg VALUES('zbar',NULL,'qt',NULL,'Bar code reader');
INSERT INTO nixpkg VALUES('zint',NULL,'qt',NULL,'A barcode generating tool and library');
INSERT INTO nixpkg VALUES('zstd',NULL,NULL,NULL,'Zstandard real-time compression algorithm');
CREATE TABLE rev
(
    rev      TEXT not null
        primary key
        unique,
    flakeref TEXT not null,
    ctime    REAL default (unixepoch())
);
INSERT INTO rev VALUES('5a237aecb57296f67276ac9ab296a41c23981f56','github:NixOS/nixpkgs/nixos-23.05',1696886635.0);
INSERT INTO rev VALUES('8a4c17493e5c39769f79117937c79e1c88de6729','github:NixOS/nixpkgs/nixos-23.05',1696470762.0);
CREATE TABLE IF NOT EXISTS "nixpkg_rev"
(
    pname TEXT not null
        references nixpkg,
    rev   TEXT not null
        references rev,
    etc   TEXT,
    primary key (pname, rev)
);
CREATE TABLE IF NOT EXISTS "nixpkg_rev_bin"
(
    pname TEXT not null
        references nixpkg,
    bin   TEXT not null,
    rev   TEXT,
    primary key (rev, pname, bin)
);
INSERT INTO nixpkg_rev_bin VALUES('alejandra','/bin/alejandra','5a237aecb57296f67276ac9ab296a41c23981f56');
INSERT INTO nixpkg_rev_bin VALUES('alejandra','/bin/alejandra','8a4c17493e5c39769f79117937c79e1c88de6729');
INSERT INTO nixpkg_rev_bin VALUES('aria','/bin/aria2c','5a237aecb57296f67276ac9ab296a41c23981f56');
INSERT INTO nixpkg_rev_bin VALUES('aria','/bin/aria2c','8a4c17493e5c39769f79117937c79e1c88de6729');
INSERT INTO nixpkg_rev_bin VALUES('atomicparsley','/bin/AtomicParsley','5a237aecb57296f67276ac9ab296a41c23981f56');
INSERT INTO nixpkg_rev_bin VALUES('atomicparsley','/bin/AtomicParsley','8a4c17493e5c39769f79117937c79e1c88de6729');
INSERT INTO nixpkg_rev_bin VALUES('atuin','/bin/atuin','5a237aecb57296f67276ac9ab296a41c23981f56');
INSERT INTO nixpkg_rev_bin VALUES('atuin','/bin/atuin','8a4c17493e5c39769f79117937c79e1c88de6729');
INSERT INTO nixpkg_rev_bin VALUES('bindfs','/bin/bindfs','5a237aecb57296f67276ac9ab296a41c23981f56');
INSERT INTO nixpkg_rev_bin VALUES('bindfs','/bin/bindfs','8a4c17493e5c39769f79117937c79e1c88de6729');
INSERT INTO nixpkg_rev_bin VALUES('bindfs','/bin/mount.fuse.bindfs','5a237aecb57296f67276ac9ab296a41c23981f56');
INSERT INTO nixpkg_rev_bin VALUES('bindfs','/bin/mount.fuse.bindfs','8a4c17493e5c39769f79117937c79e1c88de6729');
INSERT INTO nixpkg_rev_bin VALUES('black','/bin/black','5a237aecb57296f67276ac9ab296a41c23981f56');
INSERT INTO nixpkg_rev_bin VALUES('black','/bin/black','8a4c17493e5c39769f79117937c79e1c88de6729');
INSERT INTO nixpkg_rev_bin VALUES('black','/bin/blackd','5a237aecb57296f67276ac9ab296a41c23981f56');
INSERT INTO nixpkg_rev_bin VALUES('black','/bin/blackd','8a4c17493e5c39769f79117937c79e1c88de6729');
INSERT INTO nixpkg_rev_bin VALUES('borgbackup','/bin/borg','5a237aecb57296f67276ac9ab296a41c23981f56');
INSERT INTO nixpkg_rev_bin VALUES('borgbackup','/bin/borg','8a4c17493e5c39769f79117937c79e1c88de6729');
INSERT INTO nixpkg_rev_bin VALUES('borgbackup','/bin/borgfs','5a237aecb57296f67276ac9ab296a41c23981f56');
INSERT INTO nixpkg_rev_bin VALUES('borgbackup','/bin/borgfs','8a4c17493e5c39769f79117937c79e1c88de6729');
INSERT INTO nixpkg_rev_bin VALUES('cntr','/bin/cntr','5a237aecb57296f67276ac9ab296a41c23981f56');
INSERT INTO nixpkg_rev_bin VALUES('cntr','/bin/cntr','8a4c17493e5c39769f79117937c79e1c88de6729');
INSERT INTO nixpkg_rev_bin VALUES('deno','/bin/deno','5a237aecb57296f67276ac9ab296a41c23981f56');
INSERT INTO nixpkg_rev_bin VALUES('deno','/bin/deno','8a4c17493e5c39769f79117937c79e1c88de6729');
INSERT INTO nixpkg_rev_bin VALUES('dialog','/bin/dialog','5a237aecb57296f67276ac9ab296a41c23981f56');
INSERT INTO nixpkg_rev_bin VALUES('dialog','/bin/dialog','8a4c17493e5c39769f79117937c79e1c88de6729');
INSERT INTO nixpkg_rev_bin VALUES('dig','/bin/delv','5a237aecb57296f67276ac9ab296a41c23981f56');
INSERT INTO nixpkg_rev_bin VALUES('dig','/bin/delv','8a4c17493e5c39769f79117937c79e1c88de6729');
INSERT INTO nixpkg_rev_bin VALUES('dig','/bin/dig','5a237aecb57296f67276ac9ab296a41c23981f56');
INSERT INTO nixpkg_rev_bin VALUES('dig','/bin/dig','8a4c17493e5c39769f79117937c79e1c88de6729');
INSERT INTO nixpkg_rev_bin VALUES('dig','/bin/nslookup','5a237aecb57296f67276ac9ab296a41c23981f56');
INSERT INTO nixpkg_rev_bin VALUES('dig','/bin/nslookup','8a4c17493e5c39769f79117937c79e1c88de6729');
INSERT INTO nixpkg_rev_bin VALUES('dig','/bin/nsupdate','5a237aecb57296f67276ac9ab296a41c23981f56');
INSERT INTO nixpkg_rev_bin VALUES('dig','/bin/nsupdate','8a4c17493e5c39769f79117937c79e1c88de6729');
INSERT INTO nixpkg_rev_bin VALUES('dmtx-utils','/bin/dmtxquery','5a237aecb57296f67276ac9ab296a41c23981f56');
INSERT INTO nixpkg_rev_bin VALUES('dmtx-utils','/bin/dmtxquery','8a4c17493e5c39769f79117937c79e1c88de6729');
INSERT INTO nixpkg_rev_bin VALUES('dmtx-utils','/bin/dmtxread','5a237aecb57296f67276ac9ab296a41c23981f56');
INSERT INTO nixpkg_rev_bin VALUES('dmtx-utils','/bin/dmtxread','8a4c17493e5c39769f79117937c79e1c88de6729');
INSERT INTO nixpkg_rev_bin VALUES('dmtx-utils','/bin/dmtxwrite','5a237aecb57296f67276ac9ab296a41c23981f56');
INSERT INTO nixpkg_rev_bin VALUES('dmtx-utils','/bin/dmtxwrite','8a4c17493e5c39769f79117937c79e1c88de6729');
INSERT INTO nixpkg_rev_bin VALUES('docker-client','/bin/docker','5a237aecb57296f67276ac9ab296a41c23981f56');
INSERT INTO nixpkg_rev_bin VALUES('docker-client','/bin/docker','8a4c17493e5c39769f79117937c79e1c88de6729');
INSERT INTO nixpkg_rev_bin VALUES('docker-compose','/bin/docker-compose','5a237aecb57296f67276ac9ab296a41c23981f56');
INSERT INTO nixpkg_rev_bin VALUES('docker-compose','/bin/docker-compose','8a4c17493e5c39769f79117937c79e1c88de6729');
INSERT INTO nixpkg_rev_bin VALUES('ffmpeg_6-full','/bin/ffmpeg','5a237aecb57296f67276ac9ab296a41c23981f56');
INSERT INTO nixpkg_rev_bin VALUES('ffmpeg_6-full','/bin/ffmpeg','8a4c17493e5c39769f79117937c79e1c88de6729');
INSERT INTO nixpkg_rev_bin VALUES('ffmpeg_6-full','/bin/ffplay','5a237aecb57296f67276ac9ab296a41c23981f56');
INSERT INTO nixpkg_rev_bin VALUES('ffmpeg_6-full','/bin/ffplay','8a4c17493e5c39769f79117937c79e1c88de6729');
INSERT INTO nixpkg_rev_bin VALUES('ffmpeg_6-full','/bin/ffprobe','5a237aecb57296f67276ac9ab296a41c23981f56');
INSERT INTO nixpkg_rev_bin VALUES('ffmpeg_6-full','/bin/ffprobe','8a4c17493e5c39769f79117937c79e1c88de6729');
INSERT INTO nixpkg_rev_bin VALUES('ffmpeg_6-full','/bin/qt-faststart','5a237aecb57296f67276ac9ab296a41c23981f56');
INSERT INTO nixpkg_rev_bin VALUES('ffmpeg_6-full','/bin/qt-faststart','8a4c17493e5c39769f79117937c79e1c88de6729');
INSERT INTO nixpkg_rev_bin VALUES('gifsicle','/bin/gifdiff','5a237aecb57296f67276ac9ab296a41c23981f56');
INSERT INTO nixpkg_rev_bin VALUES('gifsicle','/bin/gifdiff','8a4c17493e5c39769f79117937c79e1c88de6729');
INSERT INTO nixpkg_rev_bin VALUES('gifsicle','/bin/gifsicle','5a237aecb57296f67276ac9ab296a41c23981f56');
INSERT INTO nixpkg_rev_bin VALUES('gifsicle','/bin/gifsicle','8a4c17493e5c39769f79117937c79e1c88de6729');
INSERT INTO nixpkg_rev_bin VALUES('gitfs','/bin/gitfs','5a237aecb57296f67276ac9ab296a41c23981f56');
INSERT INTO nixpkg_rev_bin VALUES('gitfs','/bin/gitfs','8a4c17493e5c39769f79117937c79e1c88de6729');
INSERT INTO nixpkg_rev_bin VALUES('git-lfs','/bin/git-lfs','5a237aecb57296f67276ac9ab296a41c23981f56');
INSERT INTO nixpkg_rev_bin VALUES('git-lfs','/bin/git-lfs','8a4c17493e5c39769f79117937c79e1c88de6729');
INSERT INTO nixpkg_rev_bin VALUES('gitui','/bin/gitui','5a237aecb57296f67276ac9ab296a41c23981f56');
INSERT INTO nixpkg_rev_bin VALUES('gitui','/bin/gitui','8a4c17493e5c39769f79117937c79e1c88de6729');
INSERT INTO nixpkg_rev_bin VALUES('gmic','/bin/gmic','8a4c17493e5c39769f79117937c79e1c88de6729');
INSERT INTO nixpkg_rev_bin VALUES('gnupatch','/bin/patch','5a237aecb57296f67276ac9ab296a41c23981f56');
INSERT INTO nixpkg_rev_bin VALUES('gnupatch','/bin/patch','8a4c17493e5c39769f79117937c79e1c88de6729');
INSERT INTO nixpkg_rev_bin VALUES('graalvm-ce','/bin/gu','5a237aecb57296f67276ac9ab296a41c23981f56');
INSERT INTO nixpkg_rev_bin VALUES('graalvm-ce','/bin/gu','8a4c17493e5c39769f79117937c79e1c88de6729');
INSERT INTO nixpkg_rev_bin VALUES('graalvm-ce','/bin/jar','5a237aecb57296f67276ac9ab296a41c23981f56');
INSERT INTO nixpkg_rev_bin VALUES('graalvm-ce','/bin/jar','8a4c17493e5c39769f79117937c79e1c88de6729');
INSERT INTO nixpkg_rev_bin VALUES('graalvm-ce','/bin/jarsigner','5a237aecb57296f67276ac9ab296a41c23981f56');
INSERT INTO nixpkg_rev_bin VALUES('graalvm-ce','/bin/jarsigner','8a4c17493e5c39769f79117937c79e1c88de6729');
INSERT INTO nixpkg_rev_bin VALUES('graalvm-ce','/bin/java','5a237aecb57296f67276ac9ab296a41c23981f56');
INSERT INTO nixpkg_rev_bin VALUES('graalvm-ce','/bin/java','8a4c17493e5c39769f79117937c79e1c88de6729');
INSERT INTO nixpkg_rev_bin VALUES('graalvm-ce','/bin/javac','5a237aecb57296f67276ac9ab296a41c23981f56');
INSERT INTO nixpkg_rev_bin VALUES('graalvm-ce','/bin/javac','8a4c17493e5c39769f79117937c79e1c88de6729');
INSERT INTO nixpkg_rev_bin VALUES('graalvm-ce','/bin/javadoc','5a237aecb57296f67276ac9ab296a41c23981f56');
INSERT INTO nixpkg_rev_bin VALUES('graalvm-ce','/bin/javadoc','8a4c17493e5c39769f79117937c79e1c88de6729');
INSERT INTO nixpkg_rev_bin VALUES('graalvm-ce','/bin/javap','5a237aecb57296f67276ac9ab296a41c23981f56');
INSERT INTO nixpkg_rev_bin VALUES('graalvm-ce','/bin/javap','8a4c17493e5c39769f79117937c79e1c88de6729');
INSERT INTO nixpkg_rev_bin VALUES('graalvm-ce','/bin/jcmd','5a237aecb57296f67276ac9ab296a41c23981f56');
INSERT INTO nixpkg_rev_bin VALUES('graalvm-ce','/bin/jcmd','8a4c17493e5c39769f79117937c79e1c88de6729');
INSERT INTO nixpkg_rev_bin VALUES('graalvm-ce','/bin/jconsole','5a237aecb57296f67276ac9ab296a41c23981f56');
INSERT INTO nixpkg_rev_bin VALUES('graalvm-ce','/bin/jconsole','8a4c17493e5c39769f79117937c79e1c88de6729');
INSERT INTO nixpkg_rev_bin VALUES('graalvm-ce','/bin/jdb','5a237aecb57296f67276ac9ab296a41c23981f56');
INSERT INTO nixpkg_rev_bin VALUES('graalvm-ce','/bin/jdb','8a4c17493e5c39769f79117937c79e1c88de6729');
INSERT INTO nixpkg_rev_bin VALUES('graalvm-ce','/bin/jdeprscan','5a237aecb57296f67276ac9ab296a41c23981f56');
INSERT INTO nixpkg_rev_bin VALUES('graalvm-ce','/bin/jdeprscan','8a4c17493e5c39769f79117937c79e1c88de6729');
INSERT INTO nixpkg_rev_bin VALUES('graalvm-ce','/bin/jdeps','5a237aecb57296f67276ac9ab296a41c23981f56');
INSERT INTO nixpkg_rev_bin VALUES('graalvm-ce','/bin/jdeps','8a4c17493e5c39769f79117937c79e1c88de6729');
INSERT INTO nixpkg_rev_bin VALUES('graalvm-ce','/bin/jfr','5a237aecb57296f67276ac9ab296a41c23981f56');
INSERT INTO nixpkg_rev_bin VALUES('graalvm-ce','/bin/jfr','8a4c17493e5c39769f79117937c79e1c88de6729');
INSERT INTO nixpkg_rev_bin VALUES('graalvm-ce','/bin/jhsdb','5a237aecb57296f67276ac9ab296a41c23981f56');
INSERT INTO nixpkg_rev_bin VALUES('graalvm-ce','/bin/jhsdb','8a4c17493e5c39769f79117937c79e1c88de6729');
INSERT INTO nixpkg_rev_bin VALUES('graalvm-ce','/bin/jimage','5a237aecb57296f67276ac9ab296a41c23981f56');
INSERT INTO nixpkg_rev_bin VALUES('graalvm-ce','/bin/jimage','8a4c17493e5c39769f79117937c79e1c88de6729');
INSERT INTO nixpkg_rev_bin VALUES('graalvm-ce','/bin/jinfo','5a237aecb57296f67276ac9ab296a41c23981f56');
INSERT INTO nixpkg_rev_bin VALUES('graalvm-ce','/bin/jinfo','8a4c17493e5c39769f79117937c79e1c88de6729');
INSERT INTO nixpkg_rev_bin VALUES('graalvm-ce','/bin/jjs','5a237aecb57296f67276ac9ab296a41c23981f56');
INSERT INTO nixpkg_rev_bin VALUES('graalvm-ce','/bin/jjs','8a4c17493e5c39769f79117937c79e1c88de6729');
INSERT INTO nixpkg_rev_bin VALUES('graalvm-ce','/bin/jlink','5a237aecb57296f67276ac9ab296a41c23981f56');
INSERT INTO nixpkg_rev_bin VALUES('graalvm-ce','/bin/jlink','8a4c17493e5c39769f79117937c79e1c88de6729');
INSERT INTO nixpkg_rev_bin VALUES('graalvm-ce','/bin/jmap','5a237aecb57296f67276ac9ab296a41c23981f56');
INSERT INTO nixpkg_rev_bin VALUES('graalvm-ce','/bin/jmap','8a4c17493e5c39769f79117937c79e1c88de6729');
INSERT INTO nixpkg_rev_bin VALUES('graalvm-ce','/bin/jmod','5a237aecb57296f67276ac9ab296a41c23981f56');
INSERT INTO nixpkg_rev_bin VALUES('graalvm-ce','/bin/jmod','8a4c17493e5c39769f79117937c79e1c88de6729');
INSERT INTO nixpkg_rev_bin VALUES('graalvm-ce','/bin/jps','5a237aecb57296f67276ac9ab296a41c23981f56');
INSERT INTO nixpkg_rev_bin VALUES('graalvm-ce','/bin/jps','8a4c17493e5c39769f79117937c79e1c88de6729');
INSERT INTO nixpkg_rev_bin VALUES('graalvm-ce','/bin/jrunscript','5a237aecb57296f67276ac9ab296a41c23981f56');
INSERT INTO nixpkg_rev_bin VALUES('graalvm-ce','/bin/jrunscript','8a4c17493e5c39769f79117937c79e1c88de6729');
INSERT INTO nixpkg_rev_bin VALUES('graalvm-ce','/bin/jshell','5a237aecb57296f67276ac9ab296a41c23981f56');
INSERT INTO nixpkg_rev_bin VALUES('graalvm-ce','/bin/jshell','8a4c17493e5c39769f79117937c79e1c88de6729');
INSERT INTO nixpkg_rev_bin VALUES('graalvm-ce','/bin/jstack','5a237aecb57296f67276ac9ab296a41c23981f56');
INSERT INTO nixpkg_rev_bin VALUES('graalvm-ce','/bin/jstack','8a4c17493e5c39769f79117937c79e1c88de6729');
INSERT INTO nixpkg_rev_bin VALUES('graalvm-ce','/bin/jstat','5a237aecb57296f67276ac9ab296a41c23981f56');
INSERT INTO nixpkg_rev_bin VALUES('graalvm-ce','/bin/jstat','8a4c17493e5c39769f79117937c79e1c88de6729');
INSERT INTO nixpkg_rev_bin VALUES('graalvm-ce','/bin/jstatd','5a237aecb57296f67276ac9ab296a41c23981f56');
INSERT INTO nixpkg_rev_bin VALUES('graalvm-ce','/bin/jstatd','8a4c17493e5c39769f79117937c79e1c88de6729');
INSERT INTO nixpkg_rev_bin VALUES('graalvm-ce','/bin/keytool','5a237aecb57296f67276ac9ab296a41c23981f56');
INSERT INTO nixpkg_rev_bin VALUES('graalvm-ce','/bin/keytool','8a4c17493e5c39769f79117937c79e1c88de6729');
INSERT INTO nixpkg_rev_bin VALUES('graalvm-ce','/bin/native-image','5a237aecb57296f67276ac9ab296a41c23981f56');
INSERT INTO nixpkg_rev_bin VALUES('graalvm-ce','/bin/native-image','8a4c17493e5c39769f79117937c79e1c88de6729');
INSERT INTO nixpkg_rev_bin VALUES('graalvm-ce','/bin/native-image-configure','5a237aecb57296f67276ac9ab296a41c23981f56');
INSERT INTO nixpkg_rev_bin VALUES('graalvm-ce','/bin/native-image-configure','8a4c17493e5c39769f79117937c79e1c88de6729');
INSERT INTO nixpkg_rev_bin VALUES('graalvm-ce','/bin/pack200','5a237aecb57296f67276ac9ab296a41c23981f56');
INSERT INTO nixpkg_rev_bin VALUES('graalvm-ce','/bin/pack200','8a4c17493e5c39769f79117937c79e1c88de6729');
INSERT INTO nixpkg_rev_bin VALUES('graalvm-ce','/bin/polyglot','5a237aecb57296f67276ac9ab296a41c23981f56');
INSERT INTO nixpkg_rev_bin VALUES('graalvm-ce','/bin/polyglot','8a4c17493e5c39769f79117937c79e1c88de6729');
INSERT INTO nixpkg_rev_bin VALUES('graalvm-ce','/bin/rebuild-images','5a237aecb57296f67276ac9ab296a41c23981f56');
INSERT INTO nixpkg_rev_bin VALUES('graalvm-ce','/bin/rebuild-images','8a4c17493e5c39769f79117937c79e1c88de6729');
INSERT INTO nixpkg_rev_bin VALUES('graalvm-ce','/bin/rmic','5a237aecb57296f67276ac9ab296a41c23981f56');
INSERT INTO nixpkg_rev_bin VALUES('graalvm-ce','/bin/rmic','8a4c17493e5c39769f79117937c79e1c88de6729');
INSERT INTO nixpkg_rev_bin VALUES('graalvm-ce','/bin/rmid','5a237aecb57296f67276ac9ab296a41c23981f56');
INSERT INTO nixpkg_rev_bin VALUES('graalvm-ce','/bin/rmid','8a4c17493e5c39769f79117937c79e1c88de6729');
INSERT INTO nixpkg_rev_bin VALUES('graalvm-ce','/bin/rmiregistry','5a237aecb57296f67276ac9ab296a41c23981f56');
INSERT INTO nixpkg_rev_bin VALUES('graalvm-ce','/bin/rmiregistry','8a4c17493e5c39769f79117937c79e1c88de6729');
INSERT INTO nixpkg_rev_bin VALUES('graalvm-ce','/bin/serialver','5a237aecb57296f67276ac9ab296a41c23981f56');
INSERT INTO nixpkg_rev_bin VALUES('graalvm-ce','/bin/serialver','8a4c17493e5c39769f79117937c79e1c88de6729');
INSERT INTO nixpkg_rev_bin VALUES('graalvm-ce','/bin/unpack200','5a237aecb57296f67276ac9ab296a41c23981f56');
INSERT INTO nixpkg_rev_bin VALUES('graalvm-ce','/bin/unpack200','8a4c17493e5c39769f79117937c79e1c88de6729');
INSERT INTO nixpkg_rev_bin VALUES('graphviz','/bin/acyclic','5a237aecb57296f67276ac9ab296a41c23981f56');
INSERT INTO nixpkg_rev_bin VALUES('graphviz','/bin/acyclic','8a4c17493e5c39769f79117937c79e1c88de6729');
INSERT INTO nixpkg_rev_bin VALUES('graphviz','/bin/bcomps','5a237aecb57296f67276ac9ab296a41c23981f56');
INSERT INTO nixpkg_rev_bin VALUES('graphviz','/bin/bcomps','8a4c17493e5c39769f79117937c79e1c88de6729');
INSERT INTO nixpkg_rev_bin VALUES('graphviz','/bin/ccomps','5a237aecb57296f67276ac9ab296a41c23981f56');
INSERT INTO nixpkg_rev_bin VALUES('graphviz','/bin/ccomps','8a4c17493e5c39769f79117937c79e1c88de6729');
INSERT INTO nixpkg_rev_bin VALUES('graphviz','/bin/circo','5a237aecb57296f67276ac9ab296a41c23981f56');
INSERT INTO nixpkg_rev_bin VALUES('graphviz','/bin/circo','8a4c17493e5c39769f79117937c79e1c88de6729');
INSERT INTO nixpkg_rev_bin VALUES('graphviz','/bin/cluster','5a237aecb57296f67276ac9ab296a41c23981f56');
INSERT INTO nixpkg_rev_bin VALUES('graphviz','/bin/cluster','8a4c17493e5c39769f79117937c79e1c88de6729');
INSERT INTO nixpkg_rev_bin VALUES('graphviz','/bin/diffimg','5a237aecb57296f67276ac9ab296a41c23981f56');
INSERT INTO nixpkg_rev_bin VALUES('graphviz','/bin/diffimg','8a4c17493e5c39769f79117937c79e1c88de6729');
INSERT INTO nixpkg_rev_bin VALUES('graphviz','/bin/dijkstra','5a237aecb57296f67276ac9ab296a41c23981f56');
INSERT INTO nixpkg_rev_bin VALUES('graphviz','/bin/dijkstra','8a4c17493e5c39769f79117937c79e1c88de6729');
INSERT INTO nixpkg_rev_bin VALUES('graphviz','/bin/dot2gxl','5a237aecb57296f67276ac9ab296a41c23981f56');
INSERT INTO nixpkg_rev_bin VALUES('graphviz','/bin/dot2gxl','8a4c17493e5c39769f79117937c79e1c88de6729');
INSERT INTO nixpkg_rev_bin VALUES('graphviz','/bin/dot','5a237aecb57296f67276ac9ab296a41c23981f56');
INSERT INTO nixpkg_rev_bin VALUES('graphviz','/bin/dot','8a4c17493e5c39769f79117937c79e1c88de6729');
INSERT INTO nixpkg_rev_bin VALUES('graphviz','/bin/dot_builtins','5a237aecb57296f67276ac9ab296a41c23981f56');
INSERT INTO nixpkg_rev_bin VALUES('graphviz','/bin/dot_builtins','8a4c17493e5c39769f79117937c79e1c88de6729');
INSERT INTO nixpkg_rev_bin VALUES('graphviz','/bin/edgepaint','5a237aecb57296f67276ac9ab296a41c23981f56');
INSERT INTO nixpkg_rev_bin VALUES('graphviz','/bin/edgepaint','8a4c17493e5c39769f79117937c79e1c88de6729');
INSERT INTO nixpkg_rev_bin VALUES('graphviz','/bin/fdp','5a237aecb57296f67276ac9ab296a41c23981f56');
INSERT INTO nixpkg_rev_bin VALUES('graphviz','/bin/fdp','8a4c17493e5c39769f79117937c79e1c88de6729');
INSERT INTO nixpkg_rev_bin VALUES('graphviz','/bin/gc','5a237aecb57296f67276ac9ab296a41c23981f56');
INSERT INTO nixpkg_rev_bin VALUES('graphviz','/bin/gc','8a4c17493e5c39769f79117937c79e1c88de6729');
INSERT INTO nixpkg_rev_bin VALUES('graphviz','/bin/gml2gv','5a237aecb57296f67276ac9ab296a41c23981f56');
INSERT INTO nixpkg_rev_bin VALUES('graphviz','/bin/gml2gv','8a4c17493e5c39769f79117937c79e1c88de6729');
INSERT INTO nixpkg_rev_bin VALUES('graphviz','/bin/graphml2gv','5a237aecb57296f67276ac9ab296a41c23981f56');
INSERT INTO nixpkg_rev_bin VALUES('graphviz','/bin/graphml2gv','8a4c17493e5c39769f79117937c79e1c88de6729');
INSERT INTO nixpkg_rev_bin VALUES('graphviz','/bin/gv2gml','5a237aecb57296f67276ac9ab296a41c23981f56');
INSERT INTO nixpkg_rev_bin VALUES('graphviz','/bin/gv2gml','8a4c17493e5c39769f79117937c79e1c88de6729');
INSERT INTO nixpkg_rev_bin VALUES('graphviz','/bin/gv2gxl','5a237aecb57296f67276ac9ab296a41c23981f56');
INSERT INTO nixpkg_rev_bin VALUES('graphviz','/bin/gv2gxl','8a4c17493e5c39769f79117937c79e1c88de6729');
INSERT INTO nixpkg_rev_bin VALUES('graphviz','/bin/gvcolor','5a237aecb57296f67276ac9ab296a41c23981f56');
INSERT INTO nixpkg_rev_bin VALUES('graphviz','/bin/gvcolor','8a4c17493e5c39769f79117937c79e1c88de6729');
INSERT INTO nixpkg_rev_bin VALUES('graphviz','/bin/gvgen','5a237aecb57296f67276ac9ab296a41c23981f56');
INSERT INTO nixpkg_rev_bin VALUES('graphviz','/bin/gvgen','8a4c17493e5c39769f79117937c79e1c88de6729');
INSERT INTO nixpkg_rev_bin VALUES('graphviz','/bin/gvmap','5a237aecb57296f67276ac9ab296a41c23981f56');
INSERT INTO nixpkg_rev_bin VALUES('graphviz','/bin/gvmap','8a4c17493e5c39769f79117937c79e1c88de6729');
INSERT INTO nixpkg_rev_bin VALUES('graphviz','/bin/gvmap.sh','5a237aecb57296f67276ac9ab296a41c23981f56');
INSERT INTO nixpkg_rev_bin VALUES('graphviz','/bin/gvmap.sh','8a4c17493e5c39769f79117937c79e1c88de6729');
INSERT INTO nixpkg_rev_bin VALUES('graphviz','/bin/gvpack','5a237aecb57296f67276ac9ab296a41c23981f56');
INSERT INTO nixpkg_rev_bin VALUES('graphviz','/bin/gvpack','8a4c17493e5c39769f79117937c79e1c88de6729');
INSERT INTO nixpkg_rev_bin VALUES('graphviz','/bin/gvpr','5a237aecb57296f67276ac9ab296a41c23981f56');
INSERT INTO nixpkg_rev_bin VALUES('graphviz','/bin/gvpr','8a4c17493e5c39769f79117937c79e1c88de6729');
INSERT INTO nixpkg_rev_bin VALUES('graphviz','/bin/gxl2dot','5a237aecb57296f67276ac9ab296a41c23981f56');
INSERT INTO nixpkg_rev_bin VALUES('graphviz','/bin/gxl2dot','8a4c17493e5c39769f79117937c79e1c88de6729');
INSERT INTO nixpkg_rev_bin VALUES('graphviz','/bin/gxl2gv','5a237aecb57296f67276ac9ab296a41c23981f56');
INSERT INTO nixpkg_rev_bin VALUES('graphviz','/bin/gxl2gv','8a4c17493e5c39769f79117937c79e1c88de6729');
INSERT INTO nixpkg_rev_bin VALUES('graphviz','/bin/mm2gv','5a237aecb57296f67276ac9ab296a41c23981f56');
INSERT INTO nixpkg_rev_bin VALUES('graphviz','/bin/mm2gv','8a4c17493e5c39769f79117937c79e1c88de6729');
INSERT INTO nixpkg_rev_bin VALUES('graphviz','/bin/neato','5a237aecb57296f67276ac9ab296a41c23981f56');
INSERT INTO nixpkg_rev_bin VALUES('graphviz','/bin/neato','8a4c17493e5c39769f79117937c79e1c88de6729');
INSERT INTO nixpkg_rev_bin VALUES('graphviz','/bin/nop','5a237aecb57296f67276ac9ab296a41c23981f56');
INSERT INTO nixpkg_rev_bin VALUES('graphviz','/bin/nop','8a4c17493e5c39769f79117937c79e1c88de6729');
INSERT INTO nixpkg_rev_bin VALUES('graphviz','/bin/osage','5a237aecb57296f67276ac9ab296a41c23981f56');
INSERT INTO nixpkg_rev_bin VALUES('graphviz','/bin/osage','8a4c17493e5c39769f79117937c79e1c88de6729');
INSERT INTO nixpkg_rev_bin VALUES('graphviz','/bin/patchwork','5a237aecb57296f67276ac9ab296a41c23981f56');
INSERT INTO nixpkg_rev_bin VALUES('graphviz','/bin/patchwork','8a4c17493e5c39769f79117937c79e1c88de6729');
INSERT INTO nixpkg_rev_bin VALUES('graphviz','/bin/prune','5a237aecb57296f67276ac9ab296a41c23981f56');
INSERT INTO nixpkg_rev_bin VALUES('graphviz','/bin/prune','8a4c17493e5c39769f79117937c79e1c88de6729');
INSERT INTO nixpkg_rev_bin VALUES('graphviz','/bin/sccmap','5a237aecb57296f67276ac9ab296a41c23981f56');
INSERT INTO nixpkg_rev_bin VALUES('graphviz','/bin/sccmap','8a4c17493e5c39769f79117937c79e1c88de6729');
INSERT INTO nixpkg_rev_bin VALUES('graphviz','/bin/sfdp','5a237aecb57296f67276ac9ab296a41c23981f56');
INSERT INTO nixpkg_rev_bin VALUES('graphviz','/bin/sfdp','8a4c17493e5c39769f79117937c79e1c88de6729');
INSERT INTO nixpkg_rev_bin VALUES('graphviz','/bin/tred','5a237aecb57296f67276ac9ab296a41c23981f56');
INSERT INTO nixpkg_rev_bin VALUES('graphviz','/bin/tred','8a4c17493e5c39769f79117937c79e1c88de6729');
INSERT INTO nixpkg_rev_bin VALUES('graphviz','/bin/twopi','5a237aecb57296f67276ac9ab296a41c23981f56');
INSERT INTO nixpkg_rev_bin VALUES('graphviz','/bin/twopi','8a4c17493e5c39769f79117937c79e1c88de6729');
INSERT INTO nixpkg_rev_bin VALUES('graphviz','/bin/unflatten','5a237aecb57296f67276ac9ab296a41c23981f56');
INSERT INTO nixpkg_rev_bin VALUES('graphviz','/bin/unflatten','8a4c17493e5c39769f79117937c79e1c88de6729');
INSERT INTO nixpkg_rev_bin VALUES('graphviz','/bin/vimdot','5a237aecb57296f67276ac9ab296a41c23981f56');
INSERT INTO nixpkg_rev_bin VALUES('graphviz','/bin/vimdot','8a4c17493e5c39769f79117937c79e1c88de6729');
INSERT INTO nixpkg_rev_bin VALUES('haskellPackages.dhall-bash','/bin/dhall-to-bash','5a237aecb57296f67276ac9ab296a41c23981f56');
INSERT INTO nixpkg_rev_bin VALUES('haskellPackages.dhall-bash','/bin/dhall-to-bash','8a4c17493e5c39769f79117937c79e1c88de6729');
INSERT INTO nixpkg_rev_bin VALUES('haskellPackages.dhall','/bin/dhall','5a237aecb57296f67276ac9ab296a41c23981f56');
INSERT INTO nixpkg_rev_bin VALUES('haskellPackages.dhall','/bin/dhall','8a4c17493e5c39769f79117937c79e1c88de6729');
INSERT INTO nixpkg_rev_bin VALUES('haskellPackages.dhall-json','/bin/dhall-to-json','5a237aecb57296f67276ac9ab296a41c23981f56');
INSERT INTO nixpkg_rev_bin VALUES('haskellPackages.dhall-json','/bin/dhall-to-json','8a4c17493e5c39769f79117937c79e1c88de6729');
INSERT INTO nixpkg_rev_bin VALUES('haskellPackages.dhall-json','/bin/dhall-to-yaml','5a237aecb57296f67276ac9ab296a41c23981f56');
INSERT INTO nixpkg_rev_bin VALUES('haskellPackages.dhall-json','/bin/dhall-to-yaml','8a4c17493e5c39769f79117937c79e1c88de6729');
INSERT INTO nixpkg_rev_bin VALUES('haskellPackages.dhall-json','/bin/json-to-dhall','5a237aecb57296f67276ac9ab296a41c23981f56');
INSERT INTO nixpkg_rev_bin VALUES('haskellPackages.dhall-json','/bin/json-to-dhall','8a4c17493e5c39769f79117937c79e1c88de6729');
INSERT INTO nixpkg_rev_bin VALUES('kubectl','/bin/kubectl','5a237aecb57296f67276ac9ab296a41c23981f56');
INSERT INTO nixpkg_rev_bin VALUES('kubectl','/bin/kubectl','8a4c17493e5c39769f79117937c79e1c88de6729');
INSERT INTO nixpkg_rev_bin VALUES('libarchive','/bin/bsdcat','5a237aecb57296f67276ac9ab296a41c23981f56');
INSERT INTO nixpkg_rev_bin VALUES('libarchive','/bin/bsdcat','8a4c17493e5c39769f79117937c79e1c88de6729');
INSERT INTO nixpkg_rev_bin VALUES('libarchive','/bin/bsdcpio','5a237aecb57296f67276ac9ab296a41c23981f56');
INSERT INTO nixpkg_rev_bin VALUES('libarchive','/bin/bsdcpio','8a4c17493e5c39769f79117937c79e1c88de6729');
INSERT INTO nixpkg_rev_bin VALUES('libarchive','/bin/bsdtar','5a237aecb57296f67276ac9ab296a41c23981f56');
INSERT INTO nixpkg_rev_bin VALUES('libarchive','/bin/bsdtar','8a4c17493e5c39769f79117937c79e1c88de6729');
INSERT INTO nixpkg_rev_bin VALUES('libjxl','/bin/benchmark_xl','5a237aecb57296f67276ac9ab296a41c23981f56');
INSERT INTO nixpkg_rev_bin VALUES('libjxl','/bin/benchmark_xl','8a4c17493e5c39769f79117937c79e1c88de6729');
INSERT INTO nixpkg_rev_bin VALUES('libjxl','/bin/cjpeg_hdr','5a237aecb57296f67276ac9ab296a41c23981f56');
INSERT INTO nixpkg_rev_bin VALUES('libjxl','/bin/cjpeg_hdr','8a4c17493e5c39769f79117937c79e1c88de6729');
INSERT INTO nixpkg_rev_bin VALUES('libjxl','/bin/cjxl','5a237aecb57296f67276ac9ab296a41c23981f56');
INSERT INTO nixpkg_rev_bin VALUES('libjxl','/bin/cjxl','8a4c17493e5c39769f79117937c79e1c88de6729');
INSERT INTO nixpkg_rev_bin VALUES('libjxl','/bin/djxl','5a237aecb57296f67276ac9ab296a41c23981f56');
INSERT INTO nixpkg_rev_bin VALUES('libjxl','/bin/djxl','8a4c17493e5c39769f79117937c79e1c88de6729');
INSERT INTO nixpkg_rev_bin VALUES('libjxl','/bin/jxlinfo','5a237aecb57296f67276ac9ab296a41c23981f56');
INSERT INTO nixpkg_rev_bin VALUES('libjxl','/bin/jxlinfo','8a4c17493e5c39769f79117937c79e1c88de6729');
INSERT INTO nixpkg_rev_bin VALUES('libwebp','/bin/cwebp','5a237aecb57296f67276ac9ab296a41c23981f56');
INSERT INTO nixpkg_rev_bin VALUES('libwebp','/bin/cwebp','8a4c17493e5c39769f79117937c79e1c88de6729');
INSERT INTO nixpkg_rev_bin VALUES('libwebp','/bin/dwebp','5a237aecb57296f67276ac9ab296a41c23981f56');
INSERT INTO nixpkg_rev_bin VALUES('libwebp','/bin/dwebp','8a4c17493e5c39769f79117937c79e1c88de6729');
INSERT INTO nixpkg_rev_bin VALUES('libwebp','/bin/gif2webp','5a237aecb57296f67276ac9ab296a41c23981f56');
INSERT INTO nixpkg_rev_bin VALUES('libwebp','/bin/gif2webp','8a4c17493e5c39769f79117937c79e1c88de6729');
INSERT INTO nixpkg_rev_bin VALUES('libwebp','/bin/img2webp','5a237aecb57296f67276ac9ab296a41c23981f56');
INSERT INTO nixpkg_rev_bin VALUES('libwebp','/bin/img2webp','8a4c17493e5c39769f79117937c79e1c88de6729');
INSERT INTO nixpkg_rev_bin VALUES('libwebp','/bin/webpinfo','5a237aecb57296f67276ac9ab296a41c23981f56');
INSERT INTO nixpkg_rev_bin VALUES('libwebp','/bin/webpinfo','8a4c17493e5c39769f79117937c79e1c88de6729');
INSERT INTO nixpkg_rev_bin VALUES('libwebp','/bin/webpmux','5a237aecb57296f67276ac9ab296a41c23981f56');
INSERT INTO nixpkg_rev_bin VALUES('libwebp','/bin/webpmux','8a4c17493e5c39769f79117937c79e1c88de6729');
INSERT INTO nixpkg_rev_bin VALUES('lnav','/bin/lnav','5a237aecb57296f67276ac9ab296a41c23981f56');
INSERT INTO nixpkg_rev_bin VALUES('lnav','/bin/lnav','8a4c17493e5c39769f79117937c79e1c88de6729');
INSERT INTO nixpkg_rev_bin VALUES('lshw','/bin/lshw','5a237aecb57296f67276ac9ab296a41c23981f56');
INSERT INTO nixpkg_rev_bin VALUES('lshw','/bin/lshw','8a4c17493e5c39769f79117937c79e1c88de6729');
INSERT INTO nixpkg_rev_bin VALUES('maturin','/bin/maturin','5a237aecb57296f67276ac9ab296a41c23981f56');
INSERT INTO nixpkg_rev_bin VALUES('maturin','/bin/maturin','8a4c17493e5c39769f79117937c79e1c88de6729');
INSERT INTO nixpkg_rev_bin VALUES('miniupnpc','/bin/external-ip','5a237aecb57296f67276ac9ab296a41c23981f56');
INSERT INTO nixpkg_rev_bin VALUES('miniupnpc','/bin/external-ip','8a4c17493e5c39769f79117937c79e1c88de6729');
INSERT INTO nixpkg_rev_bin VALUES('miniupnpc','/bin/upnpc','5a237aecb57296f67276ac9ab296a41c23981f56');
INSERT INTO nixpkg_rev_bin VALUES('miniupnpc','/bin/upnpc','8a4c17493e5c39769f79117937c79e1c88de6729');
INSERT INTO nixpkg_rev_bin VALUES('mpvpaper','/bin/mpvpaper','5a237aecb57296f67276ac9ab296a41c23981f56');
INSERT INTO nixpkg_rev_bin VALUES('mpvpaper','/bin/mpvpaper','8a4c17493e5c39769f79117937c79e1c88de6729');
INSERT INTO nixpkg_rev_bin VALUES('mpvpaper','/bin/mpvpaper-holder','5a237aecb57296f67276ac9ab296a41c23981f56');
INSERT INTO nixpkg_rev_bin VALUES('mpvpaper','/bin/mpvpaper-holder','8a4c17493e5c39769f79117937c79e1c88de6729');
INSERT INTO nixpkg_rev_bin VALUES('mypy','/bin/dmypy','5a237aecb57296f67276ac9ab296a41c23981f56');
INSERT INTO nixpkg_rev_bin VALUES('mypy','/bin/dmypy','8a4c17493e5c39769f79117937c79e1c88de6729');
INSERT INTO nixpkg_rev_bin VALUES('mypy','/bin/mypy','5a237aecb57296f67276ac9ab296a41c23981f56');
INSERT INTO nixpkg_rev_bin VALUES('mypy','/bin/mypy','8a4c17493e5c39769f79117937c79e1c88de6729');
INSERT INTO nixpkg_rev_bin VALUES('mypy','/bin/mypyc','5a237aecb57296f67276ac9ab296a41c23981f56');
INSERT INTO nixpkg_rev_bin VALUES('mypy','/bin/mypyc','8a4c17493e5c39769f79117937c79e1c88de6729');
INSERT INTO nixpkg_rev_bin VALUES('mypy','/bin/stubgen','5a237aecb57296f67276ac9ab296a41c23981f56');
INSERT INTO nixpkg_rev_bin VALUES('mypy','/bin/stubgen','8a4c17493e5c39769f79117937c79e1c88de6729');
INSERT INTO nixpkg_rev_bin VALUES('mypy','/bin/stubtest','5a237aecb57296f67276ac9ab296a41c23981f56');
INSERT INTO nixpkg_rev_bin VALUES('mypy','/bin/stubtest','8a4c17493e5c39769f79117937c79e1c88de6729');
INSERT INTO nixpkg_rev_bin VALUES('ncdu','/bin/ncdu','5a237aecb57296f67276ac9ab296a41c23981f56');
INSERT INTO nixpkg_rev_bin VALUES('ncdu','/bin/ncdu','8a4c17493e5c39769f79117937c79e1c88de6729');
INSERT INTO nixpkg_rev_bin VALUES('networkmanager','/bin/NetworkManager','5a237aecb57296f67276ac9ab296a41c23981f56');
INSERT INTO nixpkg_rev_bin VALUES('networkmanager','/bin/NetworkManager','8a4c17493e5c39769f79117937c79e1c88de6729');
INSERT INTO nixpkg_rev_bin VALUES('networkmanager','/bin/nmcli','5a237aecb57296f67276ac9ab296a41c23981f56');
INSERT INTO nixpkg_rev_bin VALUES('networkmanager','/bin/nmcli','8a4c17493e5c39769f79117937c79e1c88de6729');
INSERT INTO nixpkg_rev_bin VALUES('networkmanager','/bin/nm-online','5a237aecb57296f67276ac9ab296a41c23981f56');
INSERT INTO nixpkg_rev_bin VALUES('networkmanager','/bin/nm-online','8a4c17493e5c39769f79117937c79e1c88de6729');
INSERT INTO nixpkg_rev_bin VALUES('networkmanager','/bin/nmtui','5a237aecb57296f67276ac9ab296a41c23981f56');
INSERT INTO nixpkg_rev_bin VALUES('networkmanager','/bin/nmtui','8a4c17493e5c39769f79117937c79e1c88de6729');
INSERT INTO nixpkg_rev_bin VALUES('networkmanager','/bin/nmtui-connect','5a237aecb57296f67276ac9ab296a41c23981f56');
INSERT INTO nixpkg_rev_bin VALUES('networkmanager','/bin/nmtui-connect','8a4c17493e5c39769f79117937c79e1c88de6729');
INSERT INTO nixpkg_rev_bin VALUES('networkmanager','/bin/nmtui-edit','5a237aecb57296f67276ac9ab296a41c23981f56');
INSERT INTO nixpkg_rev_bin VALUES('networkmanager','/bin/nmtui-edit','8a4c17493e5c39769f79117937c79e1c88de6729');
INSERT INTO nixpkg_rev_bin VALUES('networkmanager','/bin/nmtui-hostname','5a237aecb57296f67276ac9ab296a41c23981f56');
INSERT INTO nixpkg_rev_bin VALUES('networkmanager','/bin/nmtui-hostname','8a4c17493e5c39769f79117937c79e1c88de6729');
INSERT INTO nixpkg_rev_bin VALUES('nix-bundle','/bin/nix-bundle','5a237aecb57296f67276ac9ab296a41c23981f56');
INSERT INTO nixpkg_rev_bin VALUES('nix-bundle','/bin/nix-bundle','8a4c17493e5c39769f79117937c79e1c88de6729');
INSERT INTO nixpkg_rev_bin VALUES('nix-bundle','/bin/nix-run','5a237aecb57296f67276ac9ab296a41c23981f56');
INSERT INTO nixpkg_rev_bin VALUES('nix-bundle','/bin/nix-run','8a4c17493e5c39769f79117937c79e1c88de6729');
INSERT INTO nixpkg_rev_bin VALUES('nix-eval-jobs','/bin/nix-eval-jobs','5a237aecb57296f67276ac9ab296a41c23981f56');
INSERT INTO nixpkg_rev_bin VALUES('nix-index','/bin/nix-channel-index','5a237aecb57296f67276ac9ab296a41c23981f56');
INSERT INTO nixpkg_rev_bin VALUES('nix-index','/bin/nix-channel-index','8a4c17493e5c39769f79117937c79e1c88de6729');
INSERT INTO nixpkg_rev_bin VALUES('nix-index','/bin/nix-index','5a237aecb57296f67276ac9ab296a41c23981f56');
INSERT INTO nixpkg_rev_bin VALUES('nix-index','/bin/nix-index','8a4c17493e5c39769f79117937c79e1c88de6729');
INSERT INTO nixpkg_rev_bin VALUES('nix-index','/bin/nix-locate','5a237aecb57296f67276ac9ab296a41c23981f56');
INSERT INTO nixpkg_rev_bin VALUES('nix-index','/bin/nix-locate','8a4c17493e5c39769f79117937c79e1c88de6729');
INSERT INTO nixpkg_rev_bin VALUES('nix-tree','/bin/nix-tree','5a237aecb57296f67276ac9ab296a41c23981f56');
INSERT INTO nixpkg_rev_bin VALUES('nix-tree','/bin/nix-tree','8a4c17493e5c39769f79117937c79e1c88de6729');
INSERT INTO nixpkg_rev_bin VALUES('oath-toolkit','/bin/oathtool','5a237aecb57296f67276ac9ab296a41c23981f56');
INSERT INTO nixpkg_rev_bin VALUES('oath-toolkit','/bin/oathtool','8a4c17493e5c39769f79117937c79e1c88de6729');
INSERT INTO nixpkg_rev_bin VALUES('openldap','/bin/ldapadd','5a237aecb57296f67276ac9ab296a41c23981f56');
INSERT INTO nixpkg_rev_bin VALUES('openldap','/bin/ldapadd','8a4c17493e5c39769f79117937c79e1c88de6729');
INSERT INTO nixpkg_rev_bin VALUES('openldap','/bin/ldapcompare','5a237aecb57296f67276ac9ab296a41c23981f56');
INSERT INTO nixpkg_rev_bin VALUES('openldap','/bin/ldapcompare','8a4c17493e5c39769f79117937c79e1c88de6729');
INSERT INTO nixpkg_rev_bin VALUES('openldap','/bin/ldapdelete','5a237aecb57296f67276ac9ab296a41c23981f56');
INSERT INTO nixpkg_rev_bin VALUES('openldap','/bin/ldapdelete','8a4c17493e5c39769f79117937c79e1c88de6729');
INSERT INTO nixpkg_rev_bin VALUES('openldap','/bin/ldapexop','5a237aecb57296f67276ac9ab296a41c23981f56');
INSERT INTO nixpkg_rev_bin VALUES('openldap','/bin/ldapexop','8a4c17493e5c39769f79117937c79e1c88de6729');
INSERT INTO nixpkg_rev_bin VALUES('openldap','/bin/ldapmodify','5a237aecb57296f67276ac9ab296a41c23981f56');
INSERT INTO nixpkg_rev_bin VALUES('openldap','/bin/ldapmodify','8a4c17493e5c39769f79117937c79e1c88de6729');
INSERT INTO nixpkg_rev_bin VALUES('openldap','/bin/ldapmodrdn','5a237aecb57296f67276ac9ab296a41c23981f56');
INSERT INTO nixpkg_rev_bin VALUES('openldap','/bin/ldapmodrdn','8a4c17493e5c39769f79117937c79e1c88de6729');
INSERT INTO nixpkg_rev_bin VALUES('openldap','/bin/ldappasswd','5a237aecb57296f67276ac9ab296a41c23981f56');
INSERT INTO nixpkg_rev_bin VALUES('openldap','/bin/ldappasswd','8a4c17493e5c39769f79117937c79e1c88de6729');
INSERT INTO nixpkg_rev_bin VALUES('openldap','/bin/ldapsearch','5a237aecb57296f67276ac9ab296a41c23981f56');
INSERT INTO nixpkg_rev_bin VALUES('openldap','/bin/ldapsearch','8a4c17493e5c39769f79117937c79e1c88de6729');
INSERT INTO nixpkg_rev_bin VALUES('openldap','/bin/ldapurl','5a237aecb57296f67276ac9ab296a41c23981f56');
INSERT INTO nixpkg_rev_bin VALUES('openldap','/bin/ldapurl','8a4c17493e5c39769f79117937c79e1c88de6729');
INSERT INTO nixpkg_rev_bin VALUES('openldap','/bin/ldapvc','5a237aecb57296f67276ac9ab296a41c23981f56');
INSERT INTO nixpkg_rev_bin VALUES('openldap','/bin/ldapvc','8a4c17493e5c39769f79117937c79e1c88de6729');
INSERT INTO nixpkg_rev_bin VALUES('openldap','/bin/ldapwhoami','5a237aecb57296f67276ac9ab296a41c23981f56');
INSERT INTO nixpkg_rev_bin VALUES('openldap','/bin/ldapwhoami','8a4c17493e5c39769f79117937c79e1c88de6729');
INSERT INTO nixpkg_rev_bin VALUES('openldap','/bin/slapacl','5a237aecb57296f67276ac9ab296a41c23981f56');
INSERT INTO nixpkg_rev_bin VALUES('openldap','/bin/slapacl','8a4c17493e5c39769f79117937c79e1c88de6729');
INSERT INTO nixpkg_rev_bin VALUES('openldap','/bin/slapadd','5a237aecb57296f67276ac9ab296a41c23981f56');
INSERT INTO nixpkg_rev_bin VALUES('openldap','/bin/slapadd','8a4c17493e5c39769f79117937c79e1c88de6729');
INSERT INTO nixpkg_rev_bin VALUES('openldap','/bin/slapauth','5a237aecb57296f67276ac9ab296a41c23981f56');
INSERT INTO nixpkg_rev_bin VALUES('openldap','/bin/slapauth','8a4c17493e5c39769f79117937c79e1c88de6729');
INSERT INTO nixpkg_rev_bin VALUES('openldap','/bin/slapcat','5a237aecb57296f67276ac9ab296a41c23981f56');
INSERT INTO nixpkg_rev_bin VALUES('openldap','/bin/slapcat','8a4c17493e5c39769f79117937c79e1c88de6729');
INSERT INTO nixpkg_rev_bin VALUES('openldap','/bin/slapdn','5a237aecb57296f67276ac9ab296a41c23981f56');
INSERT INTO nixpkg_rev_bin VALUES('openldap','/bin/slapdn','8a4c17493e5c39769f79117937c79e1c88de6729');
INSERT INTO nixpkg_rev_bin VALUES('openldap','/bin/slapindex','5a237aecb57296f67276ac9ab296a41c23981f56');
INSERT INTO nixpkg_rev_bin VALUES('openldap','/bin/slapindex','8a4c17493e5c39769f79117937c79e1c88de6729');
INSERT INTO nixpkg_rev_bin VALUES('openldap','/bin/slapmodify','5a237aecb57296f67276ac9ab296a41c23981f56');
INSERT INTO nixpkg_rev_bin VALUES('openldap','/bin/slapmodify','8a4c17493e5c39769f79117937c79e1c88de6729');
INSERT INTO nixpkg_rev_bin VALUES('openldap','/bin/slappasswd','5a237aecb57296f67276ac9ab296a41c23981f56');
INSERT INTO nixpkg_rev_bin VALUES('openldap','/bin/slappasswd','8a4c17493e5c39769f79117937c79e1c88de6729');
INSERT INTO nixpkg_rev_bin VALUES('openldap','/bin/slapschema','5a237aecb57296f67276ac9ab296a41c23981f56');
INSERT INTO nixpkg_rev_bin VALUES('openldap','/bin/slapschema','8a4c17493e5c39769f79117937c79e1c88de6729');
INSERT INTO nixpkg_rev_bin VALUES('openldap','/bin/slaptest','5a237aecb57296f67276ac9ab296a41c23981f56');
INSERT INTO nixpkg_rev_bin VALUES('openldap','/bin/slaptest','8a4c17493e5c39769f79117937c79e1c88de6729');
INSERT INTO nixpkg_rev_bin VALUES('openssl','/bin/c_rehash','5a237aecb57296f67276ac9ab296a41c23981f56');
INSERT INTO nixpkg_rev_bin VALUES('openssl','/bin/c_rehash','8a4c17493e5c39769f79117937c79e1c88de6729');
INSERT INTO nixpkg_rev_bin VALUES('openssl','/bin/openssl','5a237aecb57296f67276ac9ab296a41c23981f56');
INSERT INTO nixpkg_rev_bin VALUES('openssl','/bin/openssl','8a4c17493e5c39769f79117937c79e1c88de6729');
INSERT INTO nixpkg_rev_bin VALUES('overmind','/bin/overmind','5a237aecb57296f67276ac9ab296a41c23981f56');
INSERT INTO nixpkg_rev_bin VALUES('overmind','/bin/overmind','8a4c17493e5c39769f79117937c79e1c88de6729');
INSERT INTO nixpkg_rev_bin VALUES('parallel','/bin/env_parallel','5a237aecb57296f67276ac9ab296a41c23981f56');
INSERT INTO nixpkg_rev_bin VALUES('parallel','/bin/env_parallel','8a4c17493e5c39769f79117937c79e1c88de6729');
INSERT INTO nixpkg_rev_bin VALUES('parallel','/bin/env_parallel.ash','5a237aecb57296f67276ac9ab296a41c23981f56');
INSERT INTO nixpkg_rev_bin VALUES('parallel','/bin/env_parallel.ash','8a4c17493e5c39769f79117937c79e1c88de6729');
INSERT INTO nixpkg_rev_bin VALUES('parallel','/bin/env_parallel.bash','5a237aecb57296f67276ac9ab296a41c23981f56');
INSERT INTO nixpkg_rev_bin VALUES('parallel','/bin/env_parallel.bash','8a4c17493e5c39769f79117937c79e1c88de6729');
INSERT INTO nixpkg_rev_bin VALUES('parallel','/bin/env_parallel.csh','5a237aecb57296f67276ac9ab296a41c23981f56');
INSERT INTO nixpkg_rev_bin VALUES('parallel','/bin/env_parallel.csh','8a4c17493e5c39769f79117937c79e1c88de6729');
INSERT INTO nixpkg_rev_bin VALUES('parallel','/bin/env_parallel.dash','5a237aecb57296f67276ac9ab296a41c23981f56');
INSERT INTO nixpkg_rev_bin VALUES('parallel','/bin/env_parallel.dash','8a4c17493e5c39769f79117937c79e1c88de6729');
INSERT INTO nixpkg_rev_bin VALUES('parallel','/bin/env_parallel.fish','5a237aecb57296f67276ac9ab296a41c23981f56');
INSERT INTO nixpkg_rev_bin VALUES('parallel','/bin/env_parallel.fish','8a4c17493e5c39769f79117937c79e1c88de6729');
INSERT INTO nixpkg_rev_bin VALUES('parallel','/bin/env_parallel.ksh','5a237aecb57296f67276ac9ab296a41c23981f56');
INSERT INTO nixpkg_rev_bin VALUES('parallel','/bin/env_parallel.ksh','8a4c17493e5c39769f79117937c79e1c88de6729');
INSERT INTO nixpkg_rev_bin VALUES('parallel','/bin/env_parallel.mksh','5a237aecb57296f67276ac9ab296a41c23981f56');
INSERT INTO nixpkg_rev_bin VALUES('parallel','/bin/env_parallel.mksh','8a4c17493e5c39769f79117937c79e1c88de6729');
INSERT INTO nixpkg_rev_bin VALUES('parallel','/bin/env_parallel.pdksh','5a237aecb57296f67276ac9ab296a41c23981f56');
INSERT INTO nixpkg_rev_bin VALUES('parallel','/bin/env_parallel.pdksh','8a4c17493e5c39769f79117937c79e1c88de6729');
INSERT INTO nixpkg_rev_bin VALUES('parallel','/bin/env_parallel.sh','5a237aecb57296f67276ac9ab296a41c23981f56');
INSERT INTO nixpkg_rev_bin VALUES('parallel','/bin/env_parallel.sh','8a4c17493e5c39769f79117937c79e1c88de6729');
INSERT INTO nixpkg_rev_bin VALUES('parallel','/bin/env_parallel.tcsh','5a237aecb57296f67276ac9ab296a41c23981f56');
INSERT INTO nixpkg_rev_bin VALUES('parallel','/bin/env_parallel.tcsh','8a4c17493e5c39769f79117937c79e1c88de6729');
INSERT INTO nixpkg_rev_bin VALUES('parallel','/bin/env_parallel.zsh','5a237aecb57296f67276ac9ab296a41c23981f56');
INSERT INTO nixpkg_rev_bin VALUES('parallel','/bin/env_parallel.zsh','8a4c17493e5c39769f79117937c79e1c88de6729');
INSERT INTO nixpkg_rev_bin VALUES('parallel','/bin/niceload','5a237aecb57296f67276ac9ab296a41c23981f56');
INSERT INTO nixpkg_rev_bin VALUES('parallel','/bin/niceload','8a4c17493e5c39769f79117937c79e1c88de6729');
INSERT INTO nixpkg_rev_bin VALUES('parallel','/bin/parallel','5a237aecb57296f67276ac9ab296a41c23981f56');
INSERT INTO nixpkg_rev_bin VALUES('parallel','/bin/parallel','8a4c17493e5c39769f79117937c79e1c88de6729');
INSERT INTO nixpkg_rev_bin VALUES('parallel','/bin/parcat','5a237aecb57296f67276ac9ab296a41c23981f56');
INSERT INTO nixpkg_rev_bin VALUES('parallel','/bin/parcat','8a4c17493e5c39769f79117937c79e1c88de6729');
INSERT INTO nixpkg_rev_bin VALUES('parallel','/bin/parset','5a237aecb57296f67276ac9ab296a41c23981f56');
INSERT INTO nixpkg_rev_bin VALUES('parallel','/bin/parset','8a4c17493e5c39769f79117937c79e1c88de6729');
INSERT INTO nixpkg_rev_bin VALUES('parallel','/bin/parsort','5a237aecb57296f67276ac9ab296a41c23981f56');
INSERT INTO nixpkg_rev_bin VALUES('parallel','/bin/parsort','8a4c17493e5c39769f79117937c79e1c88de6729');
INSERT INTO nixpkg_rev_bin VALUES('parallel','/bin/sem','5a237aecb57296f67276ac9ab296a41c23981f56');
INSERT INTO nixpkg_rev_bin VALUES('parallel','/bin/sem','8a4c17493e5c39769f79117937c79e1c88de6729');
INSERT INTO nixpkg_rev_bin VALUES('parallel','/bin/sql','5a237aecb57296f67276ac9ab296a41c23981f56');
INSERT INTO nixpkg_rev_bin VALUES('parallel','/bin/sql','8a4c17493e5c39769f79117937c79e1c88de6729');
INSERT INTO nixpkg_rev_bin VALUES('pipectl','/bin/pipectl','5a237aecb57296f67276ac9ab296a41c23981f56');
INSERT INTO nixpkg_rev_bin VALUES('pipectl','/bin/pipectl','8a4c17493e5c39769f79117937c79e1c88de6729');
INSERT INTO nixpkg_rev_bin VALUES('pipx','/bin/pipx','5a237aecb57296f67276ac9ab296a41c23981f56');
INSERT INTO nixpkg_rev_bin VALUES('pipx','/bin/pipx','8a4c17493e5c39769f79117937c79e1c88de6729');
INSERT INTO nixpkg_rev_bin VALUES('playerctl','/bin/playerctl','5a237aecb57296f67276ac9ab296a41c23981f56');
INSERT INTO nixpkg_rev_bin VALUES('playerctl','/bin/playerctl','8a4c17493e5c39769f79117937c79e1c88de6729');
INSERT INTO nixpkg_rev_bin VALUES('playerctl','/bin/playerctld','5a237aecb57296f67276ac9ab296a41c23981f56');
INSERT INTO nixpkg_rev_bin VALUES('playerctl','/bin/playerctld','8a4c17493e5c39769f79117937c79e1c88de6729');
INSERT INTO nixpkg_rev_bin VALUES('poppler_utils','/bin/pdfattach','5a237aecb57296f67276ac9ab296a41c23981f56');
INSERT INTO nixpkg_rev_bin VALUES('poppler_utils','/bin/pdfattach','8a4c17493e5c39769f79117937c79e1c88de6729');
INSERT INTO nixpkg_rev_bin VALUES('poppler_utils','/bin/pdfdetach','5a237aecb57296f67276ac9ab296a41c23981f56');
INSERT INTO nixpkg_rev_bin VALUES('poppler_utils','/bin/pdfdetach','8a4c17493e5c39769f79117937c79e1c88de6729');
INSERT INTO nixpkg_rev_bin VALUES('poppler_utils','/bin/pdffonts','5a237aecb57296f67276ac9ab296a41c23981f56');
INSERT INTO nixpkg_rev_bin VALUES('poppler_utils','/bin/pdffonts','8a4c17493e5c39769f79117937c79e1c88de6729');
INSERT INTO nixpkg_rev_bin VALUES('poppler_utils','/bin/pdfimages','5a237aecb57296f67276ac9ab296a41c23981f56');
INSERT INTO nixpkg_rev_bin VALUES('poppler_utils','/bin/pdfimages','8a4c17493e5c39769f79117937c79e1c88de6729');
INSERT INTO nixpkg_rev_bin VALUES('poppler_utils','/bin/pdfinfo','5a237aecb57296f67276ac9ab296a41c23981f56');
INSERT INTO nixpkg_rev_bin VALUES('poppler_utils','/bin/pdfinfo','8a4c17493e5c39769f79117937c79e1c88de6729');
INSERT INTO nixpkg_rev_bin VALUES('poppler_utils','/bin/pdfseparate','5a237aecb57296f67276ac9ab296a41c23981f56');
INSERT INTO nixpkg_rev_bin VALUES('poppler_utils','/bin/pdfseparate','8a4c17493e5c39769f79117937c79e1c88de6729');
INSERT INTO nixpkg_rev_bin VALUES('poppler_utils','/bin/pdfsig','5a237aecb57296f67276ac9ab296a41c23981f56');
INSERT INTO nixpkg_rev_bin VALUES('poppler_utils','/bin/pdfsig','8a4c17493e5c39769f79117937c79e1c88de6729');
INSERT INTO nixpkg_rev_bin VALUES('poppler_utils','/bin/pdftocairo','5a237aecb57296f67276ac9ab296a41c23981f56');
INSERT INTO nixpkg_rev_bin VALUES('poppler_utils','/bin/pdftocairo','8a4c17493e5c39769f79117937c79e1c88de6729');
INSERT INTO nixpkg_rev_bin VALUES('poppler_utils','/bin/pdftohtml','5a237aecb57296f67276ac9ab296a41c23981f56');
INSERT INTO nixpkg_rev_bin VALUES('poppler_utils','/bin/pdftohtml','8a4c17493e5c39769f79117937c79e1c88de6729');
INSERT INTO nixpkg_rev_bin VALUES('poppler_utils','/bin/pdftoppm','5a237aecb57296f67276ac9ab296a41c23981f56');
INSERT INTO nixpkg_rev_bin VALUES('poppler_utils','/bin/pdftoppm','8a4c17493e5c39769f79117937c79e1c88de6729');
INSERT INTO nixpkg_rev_bin VALUES('poppler_utils','/bin/pdftops','5a237aecb57296f67276ac9ab296a41c23981f56');
INSERT INTO nixpkg_rev_bin VALUES('poppler_utils','/bin/pdftops','8a4c17493e5c39769f79117937c79e1c88de6729');
INSERT INTO nixpkg_rev_bin VALUES('poppler_utils','/bin/pdftotext','5a237aecb57296f67276ac9ab296a41c23981f56');
INSERT INTO nixpkg_rev_bin VALUES('poppler_utils','/bin/pdftotext','8a4c17493e5c39769f79117937c79e1c88de6729');
INSERT INTO nixpkg_rev_bin VALUES('poppler_utils','/bin/pdfunite','5a237aecb57296f67276ac9ab296a41c23981f56');
INSERT INTO nixpkg_rev_bin VALUES('poppler_utils','/bin/pdfunite','8a4c17493e5c39769f79117937c79e1c88de6729');
INSERT INTO nixpkg_rev_bin VALUES('progress','/bin/progress','5a237aecb57296f67276ac9ab296a41c23981f56');
INSERT INTO nixpkg_rev_bin VALUES('progress','/bin/progress','8a4c17493e5c39769f79117937c79e1c88de6729');
INSERT INTO nixpkg_rev_bin VALUES('pv','/bin/pv','5a237aecb57296f67276ac9ab296a41c23981f56');
INSERT INTO nixpkg_rev_bin VALUES('pv','/bin/pv','8a4c17493e5c39769f79117937c79e1c88de6729');
INSERT INTO nixpkg_rev_bin VALUES('python311Packages.zfec','/bin/zfec','5a237aecb57296f67276ac9ab296a41c23981f56');
INSERT INTO nixpkg_rev_bin VALUES('python311Packages.zfec','/bin/zfec','8a4c17493e5c39769f79117937c79e1c88de6729');
INSERT INTO nixpkg_rev_bin VALUES('python311Packages.zfec','/bin/zunfec','5a237aecb57296f67276ac9ab296a41c23981f56');
INSERT INTO nixpkg_rev_bin VALUES('python311Packages.zfec','/bin/zunfec','8a4c17493e5c39769f79117937c79e1c88de6729');
INSERT INTO nixpkg_rev_bin VALUES('rancher','/bin/rancher','5a237aecb57296f67276ac9ab296a41c23981f56');
INSERT INTO nixpkg_rev_bin VALUES('rancher','/bin/rancher','8a4c17493e5c39769f79117937c79e1c88de6729');
INSERT INTO nixpkg_rev_bin VALUES('rclone','/bin/rclone','5a237aecb57296f67276ac9ab296a41c23981f56');
INSERT INTO nixpkg_rev_bin VALUES('rclone','/bin/rclone','8a4c17493e5c39769f79117937c79e1c88de6729');
INSERT INTO nixpkg_rev_bin VALUES('rfc','/bin/rfc','5a237aecb57296f67276ac9ab296a41c23981f56');
INSERT INTO nixpkg_rev_bin VALUES('rfc','/bin/rfc','8a4c17493e5c39769f79117937c79e1c88de6729');
INSERT INTO nixpkg_rev_bin VALUES('roc-toolkit','/bin/roc-conv','5a237aecb57296f67276ac9ab296a41c23981f56');
INSERT INTO nixpkg_rev_bin VALUES('roc-toolkit','/bin/roc-conv','8a4c17493e5c39769f79117937c79e1c88de6729');
INSERT INTO nixpkg_rev_bin VALUES('roc-toolkit','/bin/roc-recv','5a237aecb57296f67276ac9ab296a41c23981f56');
INSERT INTO nixpkg_rev_bin VALUES('roc-toolkit','/bin/roc-recv','8a4c17493e5c39769f79117937c79e1c88de6729');
INSERT INTO nixpkg_rev_bin VALUES('roc-toolkit','/bin/roc-send','5a237aecb57296f67276ac9ab296a41c23981f56');
INSERT INTO nixpkg_rev_bin VALUES('roc-toolkit','/bin/roc-send','8a4c17493e5c39769f79117937c79e1c88de6729');
INSERT INTO nixpkg_rev_bin VALUES('ruff','/bin/ruff','5a237aecb57296f67276ac9ab296a41c23981f56');
INSERT INTO nixpkg_rev_bin VALUES('ruff','/bin/ruff','8a4c17493e5c39769f79117937c79e1c88de6729');
INSERT INTO nixpkg_rev_bin VALUES('shellcheck','/bin/shellcheck','5a237aecb57296f67276ac9ab296a41c23981f56');
INSERT INTO nixpkg_rev_bin VALUES('shellcheck','/bin/shellcheck','8a4c17493e5c39769f79117937c79e1c88de6729');
INSERT INTO nixpkg_rev_bin VALUES('shellharden','/bin/shellharden','5a237aecb57296f67276ac9ab296a41c23981f56');
INSERT INTO nixpkg_rev_bin VALUES('shellharden','/bin/shellharden','8a4c17493e5c39769f79117937c79e1c88de6729');
INSERT INTO nixpkg_rev_bin VALUES('shfmt','/bin/shfmt','5a237aecb57296f67276ac9ab296a41c23981f56');
INSERT INTO nixpkg_rev_bin VALUES('shfmt','/bin/shfmt','8a4c17493e5c39769f79117937c79e1c88de6729');
INSERT INTO nixpkg_rev_bin VALUES('sqlar','/bin/sqlar','5a237aecb57296f67276ac9ab296a41c23981f56');
INSERT INTO nixpkg_rev_bin VALUES('sqlar','/bin/sqlar','8a4c17493e5c39769f79117937c79e1c88de6729');
INSERT INTO nixpkg_rev_bin VALUES('sqlar','/bin/sqlarfs','5a237aecb57296f67276ac9ab296a41c23981f56');
INSERT INTO nixpkg_rev_bin VALUES('sqlar','/bin/sqlarfs','8a4c17493e5c39769f79117937c79e1c88de6729');
INSERT INTO nixpkg_rev_bin VALUES('sqldiff','/bin/sqldiff','5a237aecb57296f67276ac9ab296a41c23981f56');
INSERT INTO nixpkg_rev_bin VALUES('sqldiff','/bin/sqldiff','8a4c17493e5c39769f79117937c79e1c88de6729');
INSERT INTO nixpkg_rev_bin VALUES('sqlite-analyzer','/bin/sqlite3_analyzer','5a237aecb57296f67276ac9ab296a41c23981f56');
INSERT INTO nixpkg_rev_bin VALUES('sqlite-analyzer','/bin/sqlite3_analyzer','8a4c17493e5c39769f79117937c79e1c88de6729');
INSERT INTO nixpkg_rev_bin VALUES('sqlite-interactive','/bin/sqlite3','5a237aecb57296f67276ac9ab296a41c23981f56');
INSERT INTO nixpkg_rev_bin VALUES('sqlite-interactive','/bin/sqlite3','8a4c17493e5c39769f79117937c79e1c88de6729');
INSERT INTO nixpkg_rev_bin VALUES('squashfuse','/bin/squashfuse','5a237aecb57296f67276ac9ab296a41c23981f56');
INSERT INTO nixpkg_rev_bin VALUES('squashfuse','/bin/squashfuse','8a4c17493e5c39769f79117937c79e1c88de6729');
INSERT INTO nixpkg_rev_bin VALUES('squashfuse','/bin/squashfuse_ll','5a237aecb57296f67276ac9ab296a41c23981f56');
INSERT INTO nixpkg_rev_bin VALUES('squashfuse','/bin/squashfuse_ll','8a4c17493e5c39769f79117937c79e1c88de6729');
INSERT INTO nixpkg_rev_bin VALUES('syncthing','/bin/syncthing','5a237aecb57296f67276ac9ab296a41c23981f56');
INSERT INTO nixpkg_rev_bin VALUES('syncthing','/bin/syncthing','8a4c17493e5c39769f79117937c79e1c88de6729');
INSERT INTO nixpkg_rev_bin VALUES('sysstat','/bin/cifsiostat','5a237aecb57296f67276ac9ab296a41c23981f56');
INSERT INTO nixpkg_rev_bin VALUES('sysstat','/bin/cifsiostat','8a4c17493e5c39769f79117937c79e1c88de6729');
INSERT INTO nixpkg_rev_bin VALUES('sysstat','/bin/iostat','5a237aecb57296f67276ac9ab296a41c23981f56');
INSERT INTO nixpkg_rev_bin VALUES('sysstat','/bin/iostat','8a4c17493e5c39769f79117937c79e1c88de6729');
INSERT INTO nixpkg_rev_bin VALUES('sysstat','/bin/mpstat','5a237aecb57296f67276ac9ab296a41c23981f56');
INSERT INTO nixpkg_rev_bin VALUES('sysstat','/bin/mpstat','8a4c17493e5c39769f79117937c79e1c88de6729');
INSERT INTO nixpkg_rev_bin VALUES('sysstat','/bin/pidstat','5a237aecb57296f67276ac9ab296a41c23981f56');
INSERT INTO nixpkg_rev_bin VALUES('sysstat','/bin/pidstat','8a4c17493e5c39769f79117937c79e1c88de6729');
INSERT INTO nixpkg_rev_bin VALUES('sysstat','/bin/sadf','5a237aecb57296f67276ac9ab296a41c23981f56');
INSERT INTO nixpkg_rev_bin VALUES('sysstat','/bin/sadf','8a4c17493e5c39769f79117937c79e1c88de6729');
INSERT INTO nixpkg_rev_bin VALUES('sysstat','/bin/sar','5a237aecb57296f67276ac9ab296a41c23981f56');
INSERT INTO nixpkg_rev_bin VALUES('sysstat','/bin/sar','8a4c17493e5c39769f79117937c79e1c88de6729');
INSERT INTO nixpkg_rev_bin VALUES('sysstat','/bin/tapestat','5a237aecb57296f67276ac9ab296a41c23981f56');
INSERT INTO nixpkg_rev_bin VALUES('sysstat','/bin/tapestat','8a4c17493e5c39769f79117937c79e1c88de6729');
INSERT INTO nixpkg_rev_bin VALUES('tiptop','/bin/ptiptop','8a4c17493e5c39769f79117937c79e1c88de6729');
INSERT INTO nixpkg_rev_bin VALUES('tiptop','/bin/tiptop','8a4c17493e5c39769f79117937c79e1c88de6729');
INSERT INTO nixpkg_rev_bin VALUES('tmux','/bin/tmux','5a237aecb57296f67276ac9ab296a41c23981f56');
INSERT INTO nixpkg_rev_bin VALUES('tmux','/bin/tmux','8a4c17493e5c39769f79117937c79e1c88de6729');
INSERT INTO nixpkg_rev_bin VALUES('transmission','/bin/transmission-cli','5a237aecb57296f67276ac9ab296a41c23981f56');
INSERT INTO nixpkg_rev_bin VALUES('transmission','/bin/transmission-cli','8a4c17493e5c39769f79117937c79e1c88de6729');
INSERT INTO nixpkg_rev_bin VALUES('transmission','/bin/transmission-create','5a237aecb57296f67276ac9ab296a41c23981f56');
INSERT INTO nixpkg_rev_bin VALUES('transmission','/bin/transmission-create','8a4c17493e5c39769f79117937c79e1c88de6729');
INSERT INTO nixpkg_rev_bin VALUES('transmission','/bin/transmission-daemon','5a237aecb57296f67276ac9ab296a41c23981f56');
INSERT INTO nixpkg_rev_bin VALUES('transmission','/bin/transmission-daemon','8a4c17493e5c39769f79117937c79e1c88de6729');
INSERT INTO nixpkg_rev_bin VALUES('transmission','/bin/transmission-edit','5a237aecb57296f67276ac9ab296a41c23981f56');
INSERT INTO nixpkg_rev_bin VALUES('transmission','/bin/transmission-edit','8a4c17493e5c39769f79117937c79e1c88de6729');
INSERT INTO nixpkg_rev_bin VALUES('transmission','/bin/transmission-remote','5a237aecb57296f67276ac9ab296a41c23981f56');
INSERT INTO nixpkg_rev_bin VALUES('transmission','/bin/transmission-remote','8a4c17493e5c39769f79117937c79e1c88de6729');
INSERT INTO nixpkg_rev_bin VALUES('transmission','/bin/transmission-show','5a237aecb57296f67276ac9ab296a41c23981f56');
INSERT INTO nixpkg_rev_bin VALUES('transmission','/bin/transmission-show','8a4c17493e5c39769f79117937c79e1c88de6729');
INSERT INTO nixpkg_rev_bin VALUES('unpaper','/bin/unpaper','5a237aecb57296f67276ac9ab296a41c23981f56');
INSERT INTO nixpkg_rev_bin VALUES('unpaper','/bin/unpaper','8a4c17493e5c39769f79117937c79e1c88de6729');
INSERT INTO nixpkg_rev_bin VALUES('vips','/bin/vips','5a237aecb57296f67276ac9ab296a41c23981f56');
INSERT INTO nixpkg_rev_bin VALUES('vips','/bin/vips','8a4c17493e5c39769f79117937c79e1c88de6729');
INSERT INTO nixpkg_rev_bin VALUES('vips','/bin/vipsedit','5a237aecb57296f67276ac9ab296a41c23981f56');
INSERT INTO nixpkg_rev_bin VALUES('vips','/bin/vipsedit','8a4c17493e5c39769f79117937c79e1c88de6729');
INSERT INTO nixpkg_rev_bin VALUES('vips','/bin/vipsheader','5a237aecb57296f67276ac9ab296a41c23981f56');
INSERT INTO nixpkg_rev_bin VALUES('vips','/bin/vipsheader','8a4c17493e5c39769f79117937c79e1c88de6729');
INSERT INTO nixpkg_rev_bin VALUES('vips','/bin/vipsprofile','5a237aecb57296f67276ac9ab296a41c23981f56');
INSERT INTO nixpkg_rev_bin VALUES('vips','/bin/vipsprofile','8a4c17493e5c39769f79117937c79e1c88de6729');
INSERT INTO nixpkg_rev_bin VALUES('vips','/bin/vipsthumbnail','5a237aecb57296f67276ac9ab296a41c23981f56');
INSERT INTO nixpkg_rev_bin VALUES('vips','/bin/vipsthumbnail','8a4c17493e5c39769f79117937c79e1c88de6729');
INSERT INTO nixpkg_rev_bin VALUES('wayland-utils','/bin/wayland-info','5a237aecb57296f67276ac9ab296a41c23981f56');
INSERT INTO nixpkg_rev_bin VALUES('wayland-utils','/bin/wayland-info','8a4c17493e5c39769f79117937c79e1c88de6729');
INSERT INTO nixpkg_rev_bin VALUES('waypipe','/bin/waypipe','5a237aecb57296f67276ac9ab296a41c23981f56');
INSERT INTO nixpkg_rev_bin VALUES('waypipe','/bin/waypipe','8a4c17493e5c39769f79117937c79e1c88de6729');
INSERT INTO nixpkg_rev_bin VALUES('wayvnc','/bin/wayvnc','5a237aecb57296f67276ac9ab296a41c23981f56');
INSERT INTO nixpkg_rev_bin VALUES('wayvnc','/bin/wayvnc','8a4c17493e5c39769f79117937c79e1c88de6729');
INSERT INTO nixpkg_rev_bin VALUES('wayvnc','/bin/wayvncctl','5a237aecb57296f67276ac9ab296a41c23981f56');
INSERT INTO nixpkg_rev_bin VALUES('wayvnc','/bin/wayvncctl','8a4c17493e5c39769f79117937c79e1c88de6729');
INSERT INTO nixpkg_rev_bin VALUES('wdomirror','/bin/wdomirror','5a237aecb57296f67276ac9ab296a41c23981f56');
INSERT INTO nixpkg_rev_bin VALUES('wdomirror','/bin/wdomirror','8a4c17493e5c39769f79117937c79e1c88de6729');
INSERT INTO nixpkg_rev_bin VALUES('wev','/bin/wev','5a237aecb57296f67276ac9ab296a41c23981f56');
INSERT INTO nixpkg_rev_bin VALUES('wev','/bin/wev','8a4c17493e5c39769f79117937c79e1c88de6729');
INSERT INTO nixpkg_rev_bin VALUES('wf-recorder','/bin/wf-recorder','5a237aecb57296f67276ac9ab296a41c23981f56');
INSERT INTO nixpkg_rev_bin VALUES('wf-recorder','/bin/wf-recorder','8a4c17493e5c39769f79117937c79e1c88de6729');
INSERT INTO nixpkg_rev_bin VALUES('wl-clipboard','/bin/wl-copy','5a237aecb57296f67276ac9ab296a41c23981f56');
INSERT INTO nixpkg_rev_bin VALUES('wl-clipboard','/bin/wl-copy','8a4c17493e5c39769f79117937c79e1c88de6729');
INSERT INTO nixpkg_rev_bin VALUES('wl-clipboard','/bin/wl-paste','5a237aecb57296f67276ac9ab296a41c23981f56');
INSERT INTO nixpkg_rev_bin VALUES('wl-clipboard','/bin/wl-paste','8a4c17493e5c39769f79117937c79e1c88de6729');
INSERT INTO nixpkg_rev_bin VALUES('wl-mirror','/bin/wl-mirror','5a237aecb57296f67276ac9ab296a41c23981f56');
INSERT INTO nixpkg_rev_bin VALUES('wl-mirror','/bin/wl-mirror','8a4c17493e5c39769f79117937c79e1c88de6729');
INSERT INTO nixpkg_rev_bin VALUES('wl-mirror','/bin/wl-present','5a237aecb57296f67276ac9ab296a41c23981f56');
INSERT INTO nixpkg_rev_bin VALUES('wl-mirror','/bin/wl-present','8a4c17493e5c39769f79117937c79e1c88de6729');
INSERT INTO nixpkg_rev_bin VALUES('wlrctl','/bin/wlrctl','5a237aecb57296f67276ac9ab296a41c23981f56');
INSERT INTO nixpkg_rev_bin VALUES('wlrctl','/bin/wlrctl','8a4c17493e5c39769f79117937c79e1c88de6729');
INSERT INTO nixpkg_rev_bin VALUES('wmctrl','/bin/wmctrl','5a237aecb57296f67276ac9ab296a41c23981f56');
INSERT INTO nixpkg_rev_bin VALUES('wmctrl','/bin/wmctrl','8a4c17493e5c39769f79117937c79e1c88de6729');
INSERT INTO nixpkg_rev_bin VALUES('wtype','/bin/wtype','5a237aecb57296f67276ac9ab296a41c23981f56');
INSERT INTO nixpkg_rev_bin VALUES('wtype','/bin/wtype','8a4c17493e5c39769f79117937c79e1c88de6729');
INSERT INTO nixpkg_rev_bin VALUES('xfce.exo','/bin/exo-desktop-item-edit','5a237aecb57296f67276ac9ab296a41c23981f56');
INSERT INTO nixpkg_rev_bin VALUES('xfce.exo','/bin/exo-desktop-item-edit','8a4c17493e5c39769f79117937c79e1c88de6729');
INSERT INTO nixpkg_rev_bin VALUES('xfce.exo','/bin/exo-open','5a237aecb57296f67276ac9ab296a41c23981f56');
INSERT INTO nixpkg_rev_bin VALUES('xfce.exo','/bin/exo-open','8a4c17493e5c39769f79117937c79e1c88de6729');
INSERT INTO nixpkg_rev_bin VALUES('xfce.gigolo','/bin/gigolo','5a237aecb57296f67276ac9ab296a41c23981f56');
INSERT INTO nixpkg_rev_bin VALUES('xfce.gigolo','/bin/gigolo','8a4c17493e5c39769f79117937c79e1c88de6729');
INSERT INTO nixpkg_rev_bin VALUES('xorg.xrandr','/bin/xrandr','5a237aecb57296f67276ac9ab296a41c23981f56');
INSERT INTO nixpkg_rev_bin VALUES('xorg.xrandr','/bin/xrandr','8a4c17493e5c39769f79117937c79e1c88de6729');
INSERT INTO nixpkg_rev_bin VALUES('xterm','/bin/koi8rxterm','5a237aecb57296f67276ac9ab296a41c23981f56');
INSERT INTO nixpkg_rev_bin VALUES('xterm','/bin/koi8rxterm','8a4c17493e5c39769f79117937c79e1c88de6729');
INSERT INTO nixpkg_rev_bin VALUES('xterm','/bin/resize','5a237aecb57296f67276ac9ab296a41c23981f56');
INSERT INTO nixpkg_rev_bin VALUES('xterm','/bin/resize','8a4c17493e5c39769f79117937c79e1c88de6729');
INSERT INTO nixpkg_rev_bin VALUES('xterm','/bin/uxterm','5a237aecb57296f67276ac9ab296a41c23981f56');
INSERT INTO nixpkg_rev_bin VALUES('xterm','/bin/uxterm','8a4c17493e5c39769f79117937c79e1c88de6729');
INSERT INTO nixpkg_rev_bin VALUES('xterm','/bin/xterm','5a237aecb57296f67276ac9ab296a41c23981f56');
INSERT INTO nixpkg_rev_bin VALUES('xterm','/bin/xterm','8a4c17493e5c39769f79117937c79e1c88de6729');
INSERT INTO nixpkg_rev_bin VALUES('zathura','/bin/zathura','5a237aecb57296f67276ac9ab296a41c23981f56');
INSERT INTO nixpkg_rev_bin VALUES('zathura','/bin/zathura','8a4c17493e5c39769f79117937c79e1c88de6729');
INSERT INTO nixpkg_rev_bin VALUES('zstd','/bin/pzstd','5a237aecb57296f67276ac9ab296a41c23981f56');
INSERT INTO nixpkg_rev_bin VALUES('zstd','/bin/pzstd','8a4c17493e5c39769f79117937c79e1c88de6729');
INSERT INTO nixpkg_rev_bin VALUES('zstd','/bin/unzstd','5a237aecb57296f67276ac9ab296a41c23981f56');
INSERT INTO nixpkg_rev_bin VALUES('zstd','/bin/unzstd','8a4c17493e5c39769f79117937c79e1c88de6729');
INSERT INTO nixpkg_rev_bin VALUES('zstd','/bin/zstd','5a237aecb57296f67276ac9ab296a41c23981f56');
INSERT INTO nixpkg_rev_bin VALUES('zstd','/bin/zstd','8a4c17493e5c39769f79117937c79e1c88de6729');
INSERT INTO nixpkg_rev_bin VALUES('zstd','/bin/zstdcat','5a237aecb57296f67276ac9ab296a41c23981f56');
INSERT INTO nixpkg_rev_bin VALUES('zstd','/bin/zstdcat','8a4c17493e5c39769f79117937c79e1c88de6729');
INSERT INTO nixpkg_rev_bin VALUES('zstd','/bin/zstdgrep','5a237aecb57296f67276ac9ab296a41c23981f56');
INSERT INTO nixpkg_rev_bin VALUES('zstd','/bin/zstdgrep','8a4c17493e5c39769f79117937c79e1c88de6729');
INSERT INTO nixpkg_rev_bin VALUES('zstd','/bin/zstdless','5a237aecb57296f67276ac9ab296a41c23981f56');
INSERT INTO nixpkg_rev_bin VALUES('zstd','/bin/zstdless','8a4c17493e5c39769f79117937c79e1c88de6729');
INSERT INTO nixpkg_rev_bin VALUES('zstd','/bin/zstdmt','5a237aecb57296f67276ac9ab296a41c23981f56');
INSERT INTO nixpkg_rev_bin VALUES('zstd','/bin/zstdmt','8a4c17493e5c39769f79117937c79e1c88de6729');
COMMIT;
