PRAGMA foreign_keys=OFF;
BEGIN TRANSACTION;
CREATE TABLE nixpkg (pname TEXT NOT NULL PRIMARY KEY UNIQUE, comment TEXT, disabled TEXT, dependency TEXT, description TEXT);
INSERT INTO nixpkg VALUES('alejandra','nix Opinionated Code Formatter',NULL,NULL,NULL);
INSERT INTO nixpkg VALUES('amdgpu_top',NULL,'amdgpu',NULL,NULL);
INSERT INTO nixpkg VALUES('aria',NULL,NULL,'yt-dlp',NULL);
INSERT INTO nixpkg VALUES('atomicparsley',NULL,NULL,'yt-dlp',NULL);
INSERT INTO nixpkg VALUES('attr',NULL,'silverblue/sericea default','yt-dlp',NULL);
INSERT INTO nixpkg VALUES('atuin','shell history',NULL,NULL,NULL);
INSERT INTO nixpkg VALUES('avfs','Virtual filesystem that allows browsing of compressed files','tmp',NULL,NULL);
INSERT INTO nixpkg VALUES('azure-cli',NULL,'dasa.net',NULL,NULL);
INSERT INTO nixpkg VALUES('bashate','https://github.com/openstack/bashate','broken',NULL,NULL);
INSERT INTO nixpkg VALUES('bash-preexec',NULL,NULL,'atuin',NULL);
INSERT INTO nixpkg VALUES('bcc','Dynamic Tracing Tools','trace',NULL,NULL);
INSERT INTO nixpkg VALUES('bchunk','split BIN/CUE images','tmp',NULL,NULL);
INSERT INTO nixpkg VALUES('bindfs','bind with fuse',NULL,NULL,NULL);
INSERT INTO nixpkg VALUES('bitwarden-cli','bw',NULL,NULL,NULL);
INSERT INTO nixpkg VALUES('black','opinated python formatter',NULL,NULL,NULL);
INSERT INTO nixpkg VALUES('borgbackup',NULL,NULL,NULL,NULL);
INSERT INTO nixpkg VALUES('brightnessctl',NULL,'light sericea default',NULL,NULL);
INSERT INTO nixpkg VALUES('bsdiff','binary diff','tmp',NULL,NULL);
INSERT INTO nixpkg VALUES('btfs','bittorent fuse',NULL,NULL,NULL);
INSERT INTO nixpkg VALUES('btop',NULL,'tmp',NULL,NULL);
INSERT INTO nixpkg VALUES('cdesktopenv','libsForQt5.qtstyleplugin-kvantum','tmp',NULL,NULL);
INSERT INTO nixpkg VALUES('chars','unicode','unicode',NULL,NULL);
INSERT INTO nixpkg VALUES('cicero-tui','unicode','unicode',NULL,NULL);
INSERT INTO nixpkg VALUES('cntr','attach host to container',NULL,NULL,NULL);
INSERT INTO nixpkg VALUES('cool-retro-term',NULL,'broken',NULL,NULL);
INSERT INTO nixpkg VALUES('csvs-to-sqlite',NULL,'pipx',NULL,NULL);
INSERT INTO nixpkg VALUES('czkawka',NULL,'flatpak',NULL,NULL);
INSERT INTO nixpkg VALUES('dar','Disk ARchiver','tmp',NULL,NULL);
INSERT INTO nixpkg VALUES('dbeaver',NULL,'flatpak avaliable',NULL,NULL);
INSERT INTO nixpkg VALUES('ddcutil','Query and change Linux monitor settings using DDC/CI and USB','tmp',NULL,NULL);
INSERT INTO nixpkg VALUES('deno',NULL,NULL,NULL,NULL);
INSERT INTO nixpkg VALUES('dialog','tui',NULL,NULL,NULL);
INSERT INTO nixpkg VALUES('dig','BIND Domain name server client tools',NULL,NULL,NULL);
INSERT INTO nixpkg VALUES('dive','A tool for exploring each layer in a docker image','tmp',NULL,NULL);
INSERT INTO nixpkg VALUES('dmtx-utils','datamatrix utils',NULL,NULL,NULL);
INSERT INTO nixpkg VALUES('docker-buildx',NULL,'tmp',NULL,NULL);
INSERT INTO nixpkg VALUES('docker-client',NULL,NULL,NULL,NULL);
INSERT INTO nixpkg VALUES('docker-compose',NULL,NULL,NULL,NULL);
INSERT INTO nixpkg VALUES('envfs','fuse mount /usr/bin with $PATH for nix','tmp',NULL,NULL);
INSERT INTO nixpkg VALUES('Fabric',NULL,'pipx',NULL,NULL);
INSERT INTO nixpkg VALUES('ffmpeg_6-full',NULL,NULL,NULL,NULL);
INSERT INTO nixpkg VALUES('ffmpeg_6-headless',NULL,'no ffplay',NULL,NULL);
INSERT INTO nixpkg VALUES('ffmpeg-headless',NULL,'no ffplay',NULL,NULL);
INSERT INTO nixpkg VALUES('fnott','wlroots notification daemon','dunst sericea default',NULL,NULL);
INSERT INTO nixpkg VALUES('fossil',NULL,'tmp',NULL,NULL);
INSERT INTO nixpkg VALUES('fribidi','unicode','silverblue/sericea default','yt-dlp',NULL);
INSERT INTO nixpkg VALUES('fuseiso','FUSE module to mount ISO filesystem images','tmp',NULL,NULL);
INSERT INTO nixpkg VALUES('gamescope',NULL,'steam container',NULL,NULL);
INSERT INTO nixpkg VALUES('gifsicle',NULL,NULL,NULL,NULL);
INSERT INTO nixpkg VALUES('git-filter-repo',NULL,'tmp',NULL,NULL);
INSERT INTO nixpkg VALUES('gitfs','git fuse',NULL,NULL,NULL);
INSERT INTO nixpkg VALUES('gitFull',NULL,'special case',NULL,NULL);
INSERT INTO nixpkg VALUES('git-lfs',NULL,NULL,NULL,NULL);
INSERT INTO nixpkg VALUES('gitui','Blazing fast terminal-ui for Git written in Rust',NULL,NULL,NULL);
INSERT INTO nixpkg VALUES('gmic','pipelines for 1d/2d/3d multispectral image processing',NULL,NULL,NULL);
INSERT INTO nixpkg VALUES('gnome.file-roller','gnome archive file manager','tmp',NULL,NULL);
INSERT INTO nixpkg VALUES('gnome.gvfs',NULL,'gvfs',NULL,NULL);
INSERT INTO nixpkg VALUES('gnome.zenity',NULL,'dialog',NULL,NULL);
INSERT INTO nixpkg VALUES('gnupatch',NULL,NULL,NULL,NULL);
INSERT INTO nixpkg VALUES('graalvm-ce',NULL,NULL,NULL,NULL);
INSERT INTO nixpkg VALUES('graphviz',NULL,NULL,NULL,NULL);
INSERT INTO nixpkg VALUES('gvfs',NULL,'gvfs',NULL,NULL);
INSERT INTO nixpkg VALUES('haskellPackages.dhall-bash','total (strong) functional programming language for configuration',NULL,NULL,NULL);
INSERT INTO nixpkg VALUES('haskellPackages.dhall-json','total (strong) functional programming language for configuration',NULL,NULL,NULL);
INSERT INTO nixpkg VALUES('haskellPackages.dhall','total (strong) functional programming language for configuration',NULL,NULL,NULL);
INSERT INTO nixpkg VALUES('helvum',NULL,'flatpak avaliable',NULL,NULL);
INSERT INTO nixpkg VALUES('hivemind',NULL,'tmp',NULL,NULL);
INSERT INTO nixpkg VALUES('hocr-tools',NULL,'tmp',NULL,NULL);
INSERT INTO nixpkg VALUES('honcho',NULL,'pipx',NULL,NULL);
INSERT INTO nixpkg VALUES('htop',NULL,'tmp',NULL,NULL);
INSERT INTO nixpkg VALUES('hwinfo','mk_isdnhwdb,check_hd,hwinfo,convert_hd,getsysinfo','tmp',NULL,NULL);
INSERT INTO nixpkg VALUES('hwloc','lstopo','tmp',NULL,NULL);
INSERT INTO nixpkg VALUES('icoutils',NULL,'tmp',NULL,NULL);
INSERT INTO nixpkg VALUES('iotop',NULL,'sudo, trace',NULL,NULL);
INSERT INTO nixpkg VALUES('isolate',NULL,'broken',NULL,NULL);
INSERT INTO nixpkg VALUES('kanshi',NULL,'sericea default',NULL,NULL);
INSERT INTO nixpkg VALUES('kio-fuse',NULL,'broken',NULL,NULL);
INSERT INTO nixpkg VALUES('krb5',NULL,'tmp',NULL,NULL);
INSERT INTO nixpkg VALUES('kubectl',NULL,NULL,NULL,NULL);
INSERT INTO nixpkg VALUES('kubectl-tree',NULL,'tmp',NULL,NULL);
INSERT INTO nixpkg VALUES('leptonica',NULL,'silverblue/sericea default',NULL,NULL);
INSERT INTO nixpkg VALUES('libaom',NULL,'sericea default',NULL,NULL);
INSERT INTO nixpkg VALUES('libarchive','bsdtar bsdcpio bsdcat',NULL,NULL,NULL);
INSERT INTO nixpkg VALUES('libavif',NULL,'tmp',NULL,NULL);
INSERT INTO nixpkg VALUES('libjxl',NULL,NULL,NULL,NULL);
INSERT INTO nixpkg VALUES('libsForQt5.ark','kde archive file manager','tmp',NULL,NULL);
INSERT INTO nixpkg VALUES('libsForQt5.kdeconnect-kde',NULL,'broken',NULL,NULL);
INSERT INTO nixpkg VALUES('libsForQt5.qtstyleplugin-kvantum','Commonality kde+kvantum CDE theme','tmp',NULL,NULL);
INSERT INTO nixpkg VALUES('libuchardet','unicode','unicode',NULL,NULL);
INSERT INTO nixpkg VALUES('libwebp',NULL,NULL,NULL,NULL);
INSERT INTO nixpkg VALUES('light',NULL,'sericea default',NULL,NULL);
INSERT INTO nixpkg VALUES('lnav','The Logfile Navigator',NULL,NULL,NULL);
INSERT INTO nixpkg VALUES('lshw','Provide detailed information on the hardware configuration of the machine',NULL,NULL,NULL);
INSERT INTO nixpkg VALUES('lurk','A simple and pretty alternative to strace','trace',NULL,NULL);
INSERT INTO nixpkg VALUES('maturin','build pypi packages with rust',NULL,NULL,NULL);
INSERT INTO nixpkg VALUES('minify','Minifiers for web formats','tmp',NULL,NULL);
INSERT INTO nixpkg VALUES('minijail',NULL,'broken',NULL,NULL);
INSERT INTO nixpkg VALUES('miniupnpc',NULL,NULL,NULL,NULL);
INSERT INTO nixpkg VALUES('mosh',NULL,'tmp',NULL,NULL);
INSERT INTO nixpkg VALUES('motif',NULL,'libsForQt5.qtstyleplugin-kvantum',NULL,NULL);
INSERT INTO nixpkg VALUES('mpvpaper','video wallpaper for wlroots',NULL,NULL,NULL);
INSERT INTO nixpkg VALUES('mypy','static type checker for Python',NULL,NULL,NULL);
INSERT INTO nixpkg VALUES('ncdu','ncurses tui for du',NULL,NULL,NULL);
INSERT INTO nixpkg VALUES('ncpamixer',NULL,'pavucontrol sericea default',NULL,NULL);
INSERT INTO nixpkg VALUES('nethogs',NULL,'sudo, trace',NULL,NULL);
INSERT INTO nixpkg VALUES('networkmanager','nmtui',NULL,NULL,NULL);
INSERT INTO nixpkg VALUES('newt','whiptail','dialog',NULL,NULL);
INSERT INTO nixpkg VALUES('nip2','vips gui','gui',NULL,NULL);
INSERT INTO nixpkg VALUES('nix-bundle',NULL,NULL,NULL,NULL);
INSERT INTO nixpkg VALUES('nix-index',NULL,NULL,NULL,NULL);
INSERT INTO nixpkg VALUES('nixos-rebuild','Rebuild your NixOS configuration and switch to it, on local hosts and remote','tmp',NULL,NULL);
INSERT INTO nixpkg VALUES('nixStatic',NULL,'manage outside nixpkgs-aliases',NULL,NULL);
INSERT INTO nixpkg VALUES('nix-tree',NULL,NULL,NULL,NULL);
INSERT INTO nixpkg VALUES('nodePackages.bash-language-server',NULL,'npx',NULL,NULL);
INSERT INTO nixpkg VALUES('nodePackages.eslint_d',NULL,'broken',NULL,NULL);
INSERT INTO nixpkg VALUES('nodePackages.eslint',NULL,'broken plugins',NULL,NULL);
INSERT INTO nixpkg VALUES('nodePackages.prettier_d_slim',NULL,'broken',NULL,NULL);
INSERT INTO nixpkg VALUES('nodePackages.prettier',NULL,'broken plugins',NULL,NULL);
INSERT INTO nixpkg VALUES('nodePackages.pyright','static type checker for Python',NULL,NULL,NULL);
INSERT INTO nixpkg VALUES('nodePackages.typescript-language-server',NULL,'npx',NULL,NULL);
INSERT INTO nixpkg VALUES('nodePackages.vscode-langservers-extracted',NULL,'npx',NULL,NULL);
INSERT INTO nixpkg VALUES('numactl',NULL,'tmp',NULL,NULL);
INSERT INTO nixpkg VALUES('oath-toolkit',NULL,NULL,NULL,NULL);
INSERT INTO nixpkg VALUES('openal','openal-info','tmp',NULL,NULL);
INSERT INTO nixpkg VALUES('openldap','ldapsearch',NULL,NULL,NULL);
INSERT INTO nixpkg VALUES('openssl',NULL,NULL,NULL,NULL);
INSERT INTO nixpkg VALUES('overmind','Procfile+tmux',NULL,NULL,NULL);
INSERT INTO nixpkg VALUES('par2cmdline',NULL,'tmp',NULL,NULL);
INSERT INTO nixpkg VALUES('parallel','Shell tool for executing jobs in parallel',NULL,NULL,NULL);
INSERT INTO nixpkg VALUES('pavucontrol',NULL,'sericea default',NULL,NULL);
INSERT INTO nixpkg VALUES('pdfgrep',NULL,'tmp',NULL,NULL);
INSERT INTO nixpkg VALUES('perf-tools',NULL,'tmp',NULL,NULL);
INSERT INTO nixpkg VALUES('pikchr',NULL,'tmp',NULL,NULL);
INSERT INTO nixpkg VALUES('pipectl','named pipe manager',NULL,NULL,NULL);
INSERT INTO nixpkg VALUES('pipx',NULL,NULL,NULL,NULL);
INSERT INTO nixpkg VALUES('plantuml-c4',NULL,'pulls jdk19',NULL,NULL);
INSERT INTO nixpkg VALUES('playerctl','CLI MPRIS media player manager',NULL,NULL,NULL);
INSERT INTO nixpkg VALUES('podman-compose',NULL,'tmp',NULL,NULL);
INSERT INTO nixpkg VALUES('poppler_utils','deb poppler-utils',NULL,NULL,NULL);
INSERT INTO nixpkg VALUES('procodile','run Procfile','ruby',NULL,NULL);
INSERT INTO nixpkg VALUES('profile-cleaner',NULL,'broken',NULL,NULL);
INSERT INTO nixpkg VALUES('progress','Tool that shows the progress of coreutils programs',NULL,NULL,NULL);
INSERT INTO nixpkg VALUES('proxychains-ng',NULL,'tmp',NULL,NULL);
INSERT INTO nixpkg VALUES('pulseaudio-ctl',NULL,'broken',NULL,NULL);
INSERT INTO nixpkg VALUES('pv','Tool for monitoring the progress of data through a pipeline',NULL,NULL,NULL);
INSERT INTO nixpkg VALUES('python311Packages.chardet','unicode','pipx',NULL,NULL);
INSERT INTO nixpkg VALUES('python311Packages.ftfy','unicode','pipx',NULL,NULL);
INSERT INTO nixpkg VALUES('python311Packages.paramiko',NULL,'pipx',NULL,NULL);
INSERT INTO nixpkg VALUES('python311Packages.pyupgrade',NULL,'pipx',NULL,NULL);
INSERT INTO nixpkg VALUES('python311Packages.xattr',NULL,'silverblue/sericea default','yt-dlp',NULL);
INSERT INTO nixpkg VALUES('python311Packages.zfec','Zfec fast erasure codec',NULL,NULL,NULL);
INSERT INTO nixpkg VALUES('radeontop',NULL,'amdgpu',NULL,NULL);
INSERT INTO nixpkg VALUES('rancher',NULL,NULL,NULL,NULL);
INSERT INTO nixpkg VALUES('rclone',NULL,NULL,NULL,NULL);
INSERT INTO nixpkg VALUES('rewritefs','mod_rewrite using fuse','tmp',NULL,NULL);
INSERT INTO nixpkg VALUES('rfc','A tool to read RFCs from the command line',NULL,NULL,NULL);
INSERT INTO nixpkg VALUES('rocm-smi',NULL,'amdgpu',NULL,NULL);
INSERT INTO nixpkg VALUES('roc-toolkit','roc-recv,roc-conv,roc-send',NULL,NULL,NULL);
INSERT INTO nixpkg VALUES('ruff','python linter',NULL,NULL,NULL);
INSERT INTO nixpkg VALUES('runit',NULL,'tmp',NULL,NULL);
INSERT INTO nixpkg VALUES('selinux-python','fedora policycoreutils-devel(sepolicy) policycoreutils-python-utils(semanage)','pipx',NULL,NULL);
INSERT INTO nixpkg VALUES('selinux-sandbox',NULL,'broken',NULL,NULL);
INSERT INTO nixpkg VALUES('setools','setools-console-analyses(sedta) setools-console(sechecker) setools-console-analyses(seinfoflow) setools-gui(apol)','tmp',NULL,NULL);
INSERT INTO nixpkg VALUES('shellcheck','shell linter',NULL,NULL,NULL);
INSERT INTO nixpkg VALUES('shellharden','shell linter',NULL,NULL,NULL);
INSERT INTO nixpkg VALUES('shfmt','shell opinated formatter',NULL,NULL,NULL);
INSERT INTO nixpkg VALUES('sipcalc',NULL,'https://docs.python.org/3/library/ipaddress.html',NULL,NULL);
INSERT INTO nixpkg VALUES('sommelier','Nested Wayland compositor with support for X11 forwarding','wayland',NULL,NULL);
INSERT INTO nixpkg VALUES('speechd','speech-dispatcher','tmp',NULL,NULL);
INSERT INTO nixpkg VALUES('sqlar','sqlarfs,sqlar',NULL,NULL,NULL);
INSERT INTO nixpkg VALUES('sqldiff',NULL,NULL,NULL,NULL);
INSERT INTO nixpkg VALUES('sqlite-analyzer',NULL,NULL,NULL,NULL);
INSERT INTO nixpkg VALUES('sqlite-interactive','sqlite3',NULL,NULL,NULL);
INSERT INTO nixpkg VALUES('sqlite-utils',NULL,'pipx',NULL,NULL);
INSERT INTO nixpkg VALUES('squashfuse','squashfs fuse',NULL,NULL,NULL);
INSERT INTO nixpkg VALUES('strace','A system call tracer for Linux','tmp',NULL,NULL);
INSERT INTO nixpkg VALUES('stun','stun,stund','tmp',NULL,NULL);
INSERT INTO nixpkg VALUES('syncthing',NULL,NULL,NULL,NULL);
INSERT INTO nixpkg VALUES('sysstat','tapestat,sar,pidstat,mpstat,iostat,cifsiostat,sadf',NULL,NULL,NULL);
INSERT INTO nixpkg VALUES('temurin-bin-17',NULL,'jdk17',NULL,NULL);
INSERT INTO nixpkg VALUES('tesseract',NULL,'silverblue/sericea default',NULL,NULL);
INSERT INTO nixpkg VALUES('tiptop','ptiptop,tiptop',NULL,NULL,NULL);
INSERT INTO nixpkg VALUES('tmux','Terminal multiplexer',NULL,NULL,NULL);
INSERT INTO nixpkg VALUES('transmission',NULL,NULL,NULL,NULL);
INSERT INTO nixpkg VALUES('uni','unicode','unicode',NULL,NULL);
INSERT INTO nixpkg VALUES('unpaper','Post-processing tool for scanned sheets of paper',NULL,NULL,NULL);
INSERT INTO nixpkg VALUES('upnp-router-control',NULL,'gui, use miniupnpc(upnpc) instead',NULL,NULL);
INSERT INTO nixpkg VALUES('usbtop','A top utility that shows an estimated instantaneous bandwidth on USB buses and devices','tmp',NULL,NULL);
INSERT INTO nixpkg VALUES('vips',NULL,NULL,NULL,NULL);
INSERT INTO nixpkg VALUES('waifu2x-converter-cpp',NULL,'tmp',NULL,NULL);
INSERT INTO nixpkg VALUES('wayland-utils','wayland-info',NULL,NULL,NULL);
INSERT INTO nixpkg VALUES('waypipe','A network proxy for Wayland clients (applications)',NULL,NULL,NULL);
INSERT INTO nixpkg VALUES('wayvnc','wlroots vnc',NULL,NULL,NULL);
INSERT INTO nixpkg VALUES('wdomirror','wlroots output mirror to a window',NULL,NULL,NULL);
INSERT INTO nixpkg VALUES('wev','Wayland event viewer, sericea default',NULL,NULL,NULL);
INSERT INTO nixpkg VALUES('wf-recorder','wlroots screen recorder',NULL,NULL,NULL);
INSERT INTO nixpkg VALUES('wl-clipboard','Command-line copy/paste utilities for Wayland, sericea default',NULL,NULL,NULL);
INSERT INTO nixpkg VALUES('wl-mirror','Mirrors an output onto a Wayland surface.',NULL,NULL,NULL);
INSERT INTO nixpkg VALUES('wlrctl','wlroots extensions ctl',NULL,NULL,NULL);
INSERT INTO nixpkg VALUES('wlroots',replace('Pluggable, composable, unopinionated modules for building a Wayland compositor; or about 50,000 lines of code you were going to write anyway.\n','\n',char(10)),NULL,NULL,NULL);
INSERT INTO nixpkg VALUES('wmctrl','EWMH/NetWM X Window Manager ctl',NULL,NULL,NULL);
INSERT INTO nixpkg VALUES('wtype','xdotool type for wayland',NULL,NULL,NULL);
INSERT INTO nixpkg VALUES('xfce.exo','manage preferred applications and edit .desktop files',NULL,NULL,NULL);
INSERT INTO nixpkg VALUES('xfce.gigolo','remote filesystem manager',NULL,NULL,NULL);
INSERT INTO nixpkg VALUES('xorg.xrandr',NULL,NULL,NULL,NULL);
INSERT INTO nixpkg VALUES('xterm',NULL,NULL,NULL,NULL);
INSERT INTO nixpkg VALUES('zarchive','zstd-compressed file archives (.zar) with random-access reads','tmp',NULL,NULL);
INSERT INTO nixpkg VALUES('zathura',NULL,NULL,NULL,NULL);
INSERT INTO nixpkg VALUES('zbar',NULL,'qt',NULL,NULL);
INSERT INTO nixpkg VALUES('zint',NULL,'qt',NULL,NULL);
INSERT INTO nixpkg VALUES('zstd','Zstandard real-time compression algorithm',NULL,NULL,NULL);
CREATE TABLE IF NOT EXISTS "nixpkg_rev_bin"
(
    pname TEXT not null
        references nixpkg,
    bin   TEXT not null, rev TEXT,
    constraint pname_bin_pk
        primary key (pname, bin)
);
INSERT INTO nixpkg_rev_bin VALUES('alejandra','/bin/alejandra','32dcb45f66c0487e92db8303a798ebc548cadedc');
INSERT INTO nixpkg_rev_bin VALUES('aria','/bin/aria2c','32dcb45f66c0487e92db8303a798ebc548cadedc');
INSERT INTO nixpkg_rev_bin VALUES('atomicparsley','/bin/AtomicParsley','32dcb45f66c0487e92db8303a798ebc548cadedc');
INSERT INTO nixpkg_rev_bin VALUES('atuin','/bin/atuin','32dcb45f66c0487e92db8303a798ebc548cadedc');
INSERT INTO nixpkg_rev_bin VALUES('bindfs','/bin/bindfs','32dcb45f66c0487e92db8303a798ebc548cadedc');
INSERT INTO nixpkg_rev_bin VALUES('bindfs','/bin/mount.fuse.bindfs','32dcb45f66c0487e92db8303a798ebc548cadedc');
INSERT INTO nixpkg_rev_bin VALUES('bitwarden-cli','/bin/bw','32dcb45f66c0487e92db8303a798ebc548cadedc');
INSERT INTO nixpkg_rev_bin VALUES('black','/bin/black','32dcb45f66c0487e92db8303a798ebc548cadedc');
INSERT INTO nixpkg_rev_bin VALUES('black','/bin/blackd','32dcb45f66c0487e92db8303a798ebc548cadedc');
INSERT INTO nixpkg_rev_bin VALUES('borgbackup','/bin/borg','32dcb45f66c0487e92db8303a798ebc548cadedc');
INSERT INTO nixpkg_rev_bin VALUES('borgbackup','/bin/borgfs','32dcb45f66c0487e92db8303a798ebc548cadedc');
INSERT INTO nixpkg_rev_bin VALUES('btfs','/bin/btfs','32dcb45f66c0487e92db8303a798ebc548cadedc');
INSERT INTO nixpkg_rev_bin VALUES('btfs','/bin/btfsstat','32dcb45f66c0487e92db8303a798ebc548cadedc');
INSERT INTO nixpkg_rev_bin VALUES('btfs','/bin/btplay','32dcb45f66c0487e92db8303a798ebc548cadedc');
INSERT INTO nixpkg_rev_bin VALUES('cntr','/bin/cntr','32dcb45f66c0487e92db8303a798ebc548cadedc');
INSERT INTO nixpkg_rev_bin VALUES('deno','/bin/deno','32dcb45f66c0487e92db8303a798ebc548cadedc');
INSERT INTO nixpkg_rev_bin VALUES('dialog','/bin/dialog','32dcb45f66c0487e92db8303a798ebc548cadedc');
INSERT INTO nixpkg_rev_bin VALUES('dig','/bin/delv','32dcb45f66c0487e92db8303a798ebc548cadedc');
INSERT INTO nixpkg_rev_bin VALUES('dig','/bin/dig','32dcb45f66c0487e92db8303a798ebc548cadedc');
INSERT INTO nixpkg_rev_bin VALUES('dig','/bin/nslookup','32dcb45f66c0487e92db8303a798ebc548cadedc');
INSERT INTO nixpkg_rev_bin VALUES('dig','/bin/nsupdate','32dcb45f66c0487e92db8303a798ebc548cadedc');
INSERT INTO nixpkg_rev_bin VALUES('dmtx-utils','/bin/dmtxquery','32dcb45f66c0487e92db8303a798ebc548cadedc');
INSERT INTO nixpkg_rev_bin VALUES('dmtx-utils','/bin/dmtxread','32dcb45f66c0487e92db8303a798ebc548cadedc');
INSERT INTO nixpkg_rev_bin VALUES('dmtx-utils','/bin/dmtxwrite','32dcb45f66c0487e92db8303a798ebc548cadedc');
INSERT INTO nixpkg_rev_bin VALUES('docker-client','/bin/docker','32dcb45f66c0487e92db8303a798ebc548cadedc');
INSERT INTO nixpkg_rev_bin VALUES('docker-compose','/bin/docker-compose','32dcb45f66c0487e92db8303a798ebc548cadedc');
INSERT INTO nixpkg_rev_bin VALUES('ffmpeg_6-full','/bin/ffmpeg','32dcb45f66c0487e92db8303a798ebc548cadedc');
INSERT INTO nixpkg_rev_bin VALUES('ffmpeg_6-full','/bin/ffplay','32dcb45f66c0487e92db8303a798ebc548cadedc');
INSERT INTO nixpkg_rev_bin VALUES('ffmpeg_6-full','/bin/ffprobe','32dcb45f66c0487e92db8303a798ebc548cadedc');
INSERT INTO nixpkg_rev_bin VALUES('ffmpeg_6-full','/bin/qt-faststart','32dcb45f66c0487e92db8303a798ebc548cadedc');
INSERT INTO nixpkg_rev_bin VALUES('gifsicle','/bin/gifdiff','32dcb45f66c0487e92db8303a798ebc548cadedc');
INSERT INTO nixpkg_rev_bin VALUES('gifsicle','/bin/gifsicle','32dcb45f66c0487e92db8303a798ebc548cadedc');
INSERT INTO nixpkg_rev_bin VALUES('gitfs','/bin/gitfs','32dcb45f66c0487e92db8303a798ebc548cadedc');
INSERT INTO nixpkg_rev_bin VALUES('git-lfs','/bin/git-lfs','32dcb45f66c0487e92db8303a798ebc548cadedc');
INSERT INTO nixpkg_rev_bin VALUES('gitui','/bin/gitui','32dcb45f66c0487e92db8303a798ebc548cadedc');
INSERT INTO nixpkg_rev_bin VALUES('gmic','/bin/gmic','32dcb45f66c0487e92db8303a798ebc548cadedc');
INSERT INTO nixpkg_rev_bin VALUES('gnupatch','/bin/patch','32dcb45f66c0487e92db8303a798ebc548cadedc');
INSERT INTO nixpkg_rev_bin VALUES('graalvm-ce','/bin/gu','32dcb45f66c0487e92db8303a798ebc548cadedc');
INSERT INTO nixpkg_rev_bin VALUES('graalvm-ce','/bin/jar','32dcb45f66c0487e92db8303a798ebc548cadedc');
INSERT INTO nixpkg_rev_bin VALUES('graalvm-ce','/bin/jarsigner','32dcb45f66c0487e92db8303a798ebc548cadedc');
INSERT INTO nixpkg_rev_bin VALUES('graalvm-ce','/bin/java','32dcb45f66c0487e92db8303a798ebc548cadedc');
INSERT INTO nixpkg_rev_bin VALUES('graalvm-ce','/bin/javac','32dcb45f66c0487e92db8303a798ebc548cadedc');
INSERT INTO nixpkg_rev_bin VALUES('graalvm-ce','/bin/javadoc','32dcb45f66c0487e92db8303a798ebc548cadedc');
INSERT INTO nixpkg_rev_bin VALUES('graalvm-ce','/bin/javap','32dcb45f66c0487e92db8303a798ebc548cadedc');
INSERT INTO nixpkg_rev_bin VALUES('graalvm-ce','/bin/jcmd','32dcb45f66c0487e92db8303a798ebc548cadedc');
INSERT INTO nixpkg_rev_bin VALUES('graalvm-ce','/bin/jconsole','32dcb45f66c0487e92db8303a798ebc548cadedc');
INSERT INTO nixpkg_rev_bin VALUES('graalvm-ce','/bin/jdb','32dcb45f66c0487e92db8303a798ebc548cadedc');
INSERT INTO nixpkg_rev_bin VALUES('graalvm-ce','/bin/jdeprscan','32dcb45f66c0487e92db8303a798ebc548cadedc');
INSERT INTO nixpkg_rev_bin VALUES('graalvm-ce','/bin/jdeps','32dcb45f66c0487e92db8303a798ebc548cadedc');
INSERT INTO nixpkg_rev_bin VALUES('graalvm-ce','/bin/jfr','32dcb45f66c0487e92db8303a798ebc548cadedc');
INSERT INTO nixpkg_rev_bin VALUES('graalvm-ce','/bin/jhsdb','32dcb45f66c0487e92db8303a798ebc548cadedc');
INSERT INTO nixpkg_rev_bin VALUES('graalvm-ce','/bin/jimage','32dcb45f66c0487e92db8303a798ebc548cadedc');
INSERT INTO nixpkg_rev_bin VALUES('graalvm-ce','/bin/jinfo','32dcb45f66c0487e92db8303a798ebc548cadedc');
INSERT INTO nixpkg_rev_bin VALUES('graalvm-ce','/bin/jjs','32dcb45f66c0487e92db8303a798ebc548cadedc');
INSERT INTO nixpkg_rev_bin VALUES('graalvm-ce','/bin/jlink','32dcb45f66c0487e92db8303a798ebc548cadedc');
INSERT INTO nixpkg_rev_bin VALUES('graalvm-ce','/bin/jmap','32dcb45f66c0487e92db8303a798ebc548cadedc');
INSERT INTO nixpkg_rev_bin VALUES('graalvm-ce','/bin/jmod','32dcb45f66c0487e92db8303a798ebc548cadedc');
INSERT INTO nixpkg_rev_bin VALUES('graalvm-ce','/bin/jps','32dcb45f66c0487e92db8303a798ebc548cadedc');
INSERT INTO nixpkg_rev_bin VALUES('graalvm-ce','/bin/jrunscript','32dcb45f66c0487e92db8303a798ebc548cadedc');
INSERT INTO nixpkg_rev_bin VALUES('graalvm-ce','/bin/jshell','32dcb45f66c0487e92db8303a798ebc548cadedc');
INSERT INTO nixpkg_rev_bin VALUES('graalvm-ce','/bin/jstack','32dcb45f66c0487e92db8303a798ebc548cadedc');
INSERT INTO nixpkg_rev_bin VALUES('graalvm-ce','/bin/jstat','32dcb45f66c0487e92db8303a798ebc548cadedc');
INSERT INTO nixpkg_rev_bin VALUES('graalvm-ce','/bin/jstatd','32dcb45f66c0487e92db8303a798ebc548cadedc');
INSERT INTO nixpkg_rev_bin VALUES('graalvm-ce','/bin/keytool','32dcb45f66c0487e92db8303a798ebc548cadedc');
INSERT INTO nixpkg_rev_bin VALUES('graalvm-ce','/bin/native-image','32dcb45f66c0487e92db8303a798ebc548cadedc');
INSERT INTO nixpkg_rev_bin VALUES('graalvm-ce','/bin/native-image-configure','32dcb45f66c0487e92db8303a798ebc548cadedc');
INSERT INTO nixpkg_rev_bin VALUES('graalvm-ce','/bin/pack200','32dcb45f66c0487e92db8303a798ebc548cadedc');
INSERT INTO nixpkg_rev_bin VALUES('graalvm-ce','/bin/polyglot','32dcb45f66c0487e92db8303a798ebc548cadedc');
INSERT INTO nixpkg_rev_bin VALUES('graalvm-ce','/bin/rebuild-images','32dcb45f66c0487e92db8303a798ebc548cadedc');
INSERT INTO nixpkg_rev_bin VALUES('graalvm-ce','/bin/rmic','32dcb45f66c0487e92db8303a798ebc548cadedc');
INSERT INTO nixpkg_rev_bin VALUES('graalvm-ce','/bin/rmid','32dcb45f66c0487e92db8303a798ebc548cadedc');
INSERT INTO nixpkg_rev_bin VALUES('graalvm-ce','/bin/rmiregistry','32dcb45f66c0487e92db8303a798ebc548cadedc');
INSERT INTO nixpkg_rev_bin VALUES('graalvm-ce','/bin/serialver','32dcb45f66c0487e92db8303a798ebc548cadedc');
INSERT INTO nixpkg_rev_bin VALUES('graalvm-ce','/bin/unpack200','32dcb45f66c0487e92db8303a798ebc548cadedc');
INSERT INTO nixpkg_rev_bin VALUES('graphviz','/bin/acyclic','32dcb45f66c0487e92db8303a798ebc548cadedc');
INSERT INTO nixpkg_rev_bin VALUES('graphviz','/bin/bcomps','32dcb45f66c0487e92db8303a798ebc548cadedc');
INSERT INTO nixpkg_rev_bin VALUES('graphviz','/bin/ccomps','32dcb45f66c0487e92db8303a798ebc548cadedc');
INSERT INTO nixpkg_rev_bin VALUES('graphviz','/bin/circo','32dcb45f66c0487e92db8303a798ebc548cadedc');
INSERT INTO nixpkg_rev_bin VALUES('graphviz','/bin/cluster','32dcb45f66c0487e92db8303a798ebc548cadedc');
INSERT INTO nixpkg_rev_bin VALUES('graphviz','/bin/diffimg','32dcb45f66c0487e92db8303a798ebc548cadedc');
INSERT INTO nixpkg_rev_bin VALUES('graphviz','/bin/dijkstra','32dcb45f66c0487e92db8303a798ebc548cadedc');
INSERT INTO nixpkg_rev_bin VALUES('graphviz','/bin/dot2gxl','32dcb45f66c0487e92db8303a798ebc548cadedc');
INSERT INTO nixpkg_rev_bin VALUES('graphviz','/bin/dot','32dcb45f66c0487e92db8303a798ebc548cadedc');
INSERT INTO nixpkg_rev_bin VALUES('graphviz','/bin/dot_builtins','32dcb45f66c0487e92db8303a798ebc548cadedc');
INSERT INTO nixpkg_rev_bin VALUES('graphviz','/bin/edgepaint','32dcb45f66c0487e92db8303a798ebc548cadedc');
INSERT INTO nixpkg_rev_bin VALUES('graphviz','/bin/fdp','32dcb45f66c0487e92db8303a798ebc548cadedc');
INSERT INTO nixpkg_rev_bin VALUES('graphviz','/bin/gc','32dcb45f66c0487e92db8303a798ebc548cadedc');
INSERT INTO nixpkg_rev_bin VALUES('graphviz','/bin/gml2gv','32dcb45f66c0487e92db8303a798ebc548cadedc');
INSERT INTO nixpkg_rev_bin VALUES('graphviz','/bin/graphml2gv','32dcb45f66c0487e92db8303a798ebc548cadedc');
INSERT INTO nixpkg_rev_bin VALUES('graphviz','/bin/gv2gml','32dcb45f66c0487e92db8303a798ebc548cadedc');
INSERT INTO nixpkg_rev_bin VALUES('graphviz','/bin/gv2gxl','32dcb45f66c0487e92db8303a798ebc548cadedc');
INSERT INTO nixpkg_rev_bin VALUES('graphviz','/bin/gvcolor','32dcb45f66c0487e92db8303a798ebc548cadedc');
INSERT INTO nixpkg_rev_bin VALUES('graphviz','/bin/gvgen','32dcb45f66c0487e92db8303a798ebc548cadedc');
INSERT INTO nixpkg_rev_bin VALUES('graphviz','/bin/gvmap','32dcb45f66c0487e92db8303a798ebc548cadedc');
INSERT INTO nixpkg_rev_bin VALUES('graphviz','/bin/gvmap.sh','32dcb45f66c0487e92db8303a798ebc548cadedc');
INSERT INTO nixpkg_rev_bin VALUES('graphviz','/bin/gvpack','32dcb45f66c0487e92db8303a798ebc548cadedc');
INSERT INTO nixpkg_rev_bin VALUES('graphviz','/bin/gvpr','32dcb45f66c0487e92db8303a798ebc548cadedc');
INSERT INTO nixpkg_rev_bin VALUES('graphviz','/bin/gxl2dot','32dcb45f66c0487e92db8303a798ebc548cadedc');
INSERT INTO nixpkg_rev_bin VALUES('graphviz','/bin/gxl2gv','32dcb45f66c0487e92db8303a798ebc548cadedc');
INSERT INTO nixpkg_rev_bin VALUES('graphviz','/bin/mm2gv','32dcb45f66c0487e92db8303a798ebc548cadedc');
INSERT INTO nixpkg_rev_bin VALUES('graphviz','/bin/neato','32dcb45f66c0487e92db8303a798ebc548cadedc');
INSERT INTO nixpkg_rev_bin VALUES('graphviz','/bin/nop','32dcb45f66c0487e92db8303a798ebc548cadedc');
INSERT INTO nixpkg_rev_bin VALUES('graphviz','/bin/osage','32dcb45f66c0487e92db8303a798ebc548cadedc');
INSERT INTO nixpkg_rev_bin VALUES('graphviz','/bin/patchwork','32dcb45f66c0487e92db8303a798ebc548cadedc');
INSERT INTO nixpkg_rev_bin VALUES('graphviz','/bin/prune','32dcb45f66c0487e92db8303a798ebc548cadedc');
INSERT INTO nixpkg_rev_bin VALUES('graphviz','/bin/sccmap','32dcb45f66c0487e92db8303a798ebc548cadedc');
INSERT INTO nixpkg_rev_bin VALUES('graphviz','/bin/sfdp','32dcb45f66c0487e92db8303a798ebc548cadedc');
INSERT INTO nixpkg_rev_bin VALUES('graphviz','/bin/tred','32dcb45f66c0487e92db8303a798ebc548cadedc');
INSERT INTO nixpkg_rev_bin VALUES('graphviz','/bin/twopi','32dcb45f66c0487e92db8303a798ebc548cadedc');
INSERT INTO nixpkg_rev_bin VALUES('graphviz','/bin/unflatten','32dcb45f66c0487e92db8303a798ebc548cadedc');
INSERT INTO nixpkg_rev_bin VALUES('graphviz','/bin/vimdot','32dcb45f66c0487e92db8303a798ebc548cadedc');
INSERT INTO nixpkg_rev_bin VALUES('haskellPackages.dhall-bash','/bin/dhall-to-bash','32dcb45f66c0487e92db8303a798ebc548cadedc');
INSERT INTO nixpkg_rev_bin VALUES('haskellPackages.dhall','/bin/dhall','32dcb45f66c0487e92db8303a798ebc548cadedc');
INSERT INTO nixpkg_rev_bin VALUES('haskellPackages.dhall-json','/bin/dhall-to-json','32dcb45f66c0487e92db8303a798ebc548cadedc');
INSERT INTO nixpkg_rev_bin VALUES('haskellPackages.dhall-json','/bin/dhall-to-yaml','32dcb45f66c0487e92db8303a798ebc548cadedc');
INSERT INTO nixpkg_rev_bin VALUES('haskellPackages.dhall-json','/bin/json-to-dhall','32dcb45f66c0487e92db8303a798ebc548cadedc');
INSERT INTO nixpkg_rev_bin VALUES('kubectl','/bin/kubectl','32dcb45f66c0487e92db8303a798ebc548cadedc');
INSERT INTO nixpkg_rev_bin VALUES('libarchive','/bin/bsdcat','32dcb45f66c0487e92db8303a798ebc548cadedc');
INSERT INTO nixpkg_rev_bin VALUES('libarchive','/bin/bsdcpio','32dcb45f66c0487e92db8303a798ebc548cadedc');
INSERT INTO nixpkg_rev_bin VALUES('libarchive','/bin/bsdtar','32dcb45f66c0487e92db8303a798ebc548cadedc');
INSERT INTO nixpkg_rev_bin VALUES('libjxl','/bin/benchmark_xl','32dcb45f66c0487e92db8303a798ebc548cadedc');
INSERT INTO nixpkg_rev_bin VALUES('libjxl','/bin/cjpeg_hdr','32dcb45f66c0487e92db8303a798ebc548cadedc');
INSERT INTO nixpkg_rev_bin VALUES('libjxl','/bin/cjxl','32dcb45f66c0487e92db8303a798ebc548cadedc');
INSERT INTO nixpkg_rev_bin VALUES('libjxl','/bin/djxl','32dcb45f66c0487e92db8303a798ebc548cadedc');
INSERT INTO nixpkg_rev_bin VALUES('libjxl','/bin/jxlinfo','32dcb45f66c0487e92db8303a798ebc548cadedc');
INSERT INTO nixpkg_rev_bin VALUES('libwebp','/bin/cwebp','32dcb45f66c0487e92db8303a798ebc548cadedc');
INSERT INTO nixpkg_rev_bin VALUES('libwebp','/bin/dwebp','32dcb45f66c0487e92db8303a798ebc548cadedc');
INSERT INTO nixpkg_rev_bin VALUES('libwebp','/bin/gif2webp','32dcb45f66c0487e92db8303a798ebc548cadedc');
INSERT INTO nixpkg_rev_bin VALUES('libwebp','/bin/img2webp','32dcb45f66c0487e92db8303a798ebc548cadedc');
INSERT INTO nixpkg_rev_bin VALUES('libwebp','/bin/webpinfo','32dcb45f66c0487e92db8303a798ebc548cadedc');
INSERT INTO nixpkg_rev_bin VALUES('libwebp','/bin/webpmux','32dcb45f66c0487e92db8303a798ebc548cadedc');
INSERT INTO nixpkg_rev_bin VALUES('lnav','/bin/lnav','32dcb45f66c0487e92db8303a798ebc548cadedc');
INSERT INTO nixpkg_rev_bin VALUES('lshw','/bin/lshw','32dcb45f66c0487e92db8303a798ebc548cadedc');
INSERT INTO nixpkg_rev_bin VALUES('maturin','/bin/maturin','32dcb45f66c0487e92db8303a798ebc548cadedc');
INSERT INTO nixpkg_rev_bin VALUES('miniupnpc','/bin/external-ip','32dcb45f66c0487e92db8303a798ebc548cadedc');
INSERT INTO nixpkg_rev_bin VALUES('miniupnpc','/bin/upnpc','32dcb45f66c0487e92db8303a798ebc548cadedc');
INSERT INTO nixpkg_rev_bin VALUES('mpvpaper','/bin/mpvpaper','32dcb45f66c0487e92db8303a798ebc548cadedc');
INSERT INTO nixpkg_rev_bin VALUES('mpvpaper','/bin/mpvpaper-holder','32dcb45f66c0487e92db8303a798ebc548cadedc');
INSERT INTO nixpkg_rev_bin VALUES('mypy','/bin/dmypy','32dcb45f66c0487e92db8303a798ebc548cadedc');
INSERT INTO nixpkg_rev_bin VALUES('mypy','/bin/mypy','32dcb45f66c0487e92db8303a798ebc548cadedc');
INSERT INTO nixpkg_rev_bin VALUES('mypy','/bin/mypyc','32dcb45f66c0487e92db8303a798ebc548cadedc');
INSERT INTO nixpkg_rev_bin VALUES('mypy','/bin/stubgen','32dcb45f66c0487e92db8303a798ebc548cadedc');
INSERT INTO nixpkg_rev_bin VALUES('mypy','/bin/stubtest','32dcb45f66c0487e92db8303a798ebc548cadedc');
INSERT INTO nixpkg_rev_bin VALUES('ncdu','/bin/ncdu','32dcb45f66c0487e92db8303a798ebc548cadedc');
INSERT INTO nixpkg_rev_bin VALUES('networkmanager','/bin/NetworkManager','32dcb45f66c0487e92db8303a798ebc548cadedc');
INSERT INTO nixpkg_rev_bin VALUES('networkmanager','/bin/nmcli','32dcb45f66c0487e92db8303a798ebc548cadedc');
INSERT INTO nixpkg_rev_bin VALUES('networkmanager','/bin/nm-online','32dcb45f66c0487e92db8303a798ebc548cadedc');
INSERT INTO nixpkg_rev_bin VALUES('networkmanager','/bin/nmtui','32dcb45f66c0487e92db8303a798ebc548cadedc');
INSERT INTO nixpkg_rev_bin VALUES('networkmanager','/bin/nmtui-connect','32dcb45f66c0487e92db8303a798ebc548cadedc');
INSERT INTO nixpkg_rev_bin VALUES('networkmanager','/bin/nmtui-edit','32dcb45f66c0487e92db8303a798ebc548cadedc');
INSERT INTO nixpkg_rev_bin VALUES('networkmanager','/bin/nmtui-hostname','32dcb45f66c0487e92db8303a798ebc548cadedc');
INSERT INTO nixpkg_rev_bin VALUES('nix-bundle','/bin/nix-bundle','32dcb45f66c0487e92db8303a798ebc548cadedc');
INSERT INTO nixpkg_rev_bin VALUES('nix-bundle','/bin/nix-run','32dcb45f66c0487e92db8303a798ebc548cadedc');
INSERT INTO nixpkg_rev_bin VALUES('nix-index','/bin/nix-channel-index','32dcb45f66c0487e92db8303a798ebc548cadedc');
INSERT INTO nixpkg_rev_bin VALUES('nix-index','/bin/nix-index','32dcb45f66c0487e92db8303a798ebc548cadedc');
INSERT INTO nixpkg_rev_bin VALUES('nix-index','/bin/nix-locate','32dcb45f66c0487e92db8303a798ebc548cadedc');
INSERT INTO nixpkg_rev_bin VALUES('nix-tree','/bin/nix-tree','32dcb45f66c0487e92db8303a798ebc548cadedc');
INSERT INTO nixpkg_rev_bin VALUES('nodePackages.pyright','/bin/pyright','32dcb45f66c0487e92db8303a798ebc548cadedc');
INSERT INTO nixpkg_rev_bin VALUES('nodePackages.pyright','/bin/pyright-langserver','32dcb45f66c0487e92db8303a798ebc548cadedc');
INSERT INTO nixpkg_rev_bin VALUES('oath-toolkit','/bin/oathtool','32dcb45f66c0487e92db8303a798ebc548cadedc');
INSERT INTO nixpkg_rev_bin VALUES('openldap','/bin/ldapadd','32dcb45f66c0487e92db8303a798ebc548cadedc');
INSERT INTO nixpkg_rev_bin VALUES('openldap','/bin/ldapcompare','32dcb45f66c0487e92db8303a798ebc548cadedc');
INSERT INTO nixpkg_rev_bin VALUES('openldap','/bin/ldapdelete','32dcb45f66c0487e92db8303a798ebc548cadedc');
INSERT INTO nixpkg_rev_bin VALUES('openldap','/bin/ldapexop','32dcb45f66c0487e92db8303a798ebc548cadedc');
INSERT INTO nixpkg_rev_bin VALUES('openldap','/bin/ldapmodify','32dcb45f66c0487e92db8303a798ebc548cadedc');
INSERT INTO nixpkg_rev_bin VALUES('openldap','/bin/ldapmodrdn','32dcb45f66c0487e92db8303a798ebc548cadedc');
INSERT INTO nixpkg_rev_bin VALUES('openldap','/bin/ldappasswd','32dcb45f66c0487e92db8303a798ebc548cadedc');
INSERT INTO nixpkg_rev_bin VALUES('openldap','/bin/ldapsearch','32dcb45f66c0487e92db8303a798ebc548cadedc');
INSERT INTO nixpkg_rev_bin VALUES('openldap','/bin/ldapurl','32dcb45f66c0487e92db8303a798ebc548cadedc');
INSERT INTO nixpkg_rev_bin VALUES('openldap','/bin/ldapvc','32dcb45f66c0487e92db8303a798ebc548cadedc');
INSERT INTO nixpkg_rev_bin VALUES('openldap','/bin/ldapwhoami','32dcb45f66c0487e92db8303a798ebc548cadedc');
INSERT INTO nixpkg_rev_bin VALUES('openldap','/bin/slapacl','32dcb45f66c0487e92db8303a798ebc548cadedc');
INSERT INTO nixpkg_rev_bin VALUES('openldap','/bin/slapadd','32dcb45f66c0487e92db8303a798ebc548cadedc');
INSERT INTO nixpkg_rev_bin VALUES('openldap','/bin/slapauth','32dcb45f66c0487e92db8303a798ebc548cadedc');
INSERT INTO nixpkg_rev_bin VALUES('openldap','/bin/slapcat','32dcb45f66c0487e92db8303a798ebc548cadedc');
INSERT INTO nixpkg_rev_bin VALUES('openldap','/bin/slapdn','32dcb45f66c0487e92db8303a798ebc548cadedc');
INSERT INTO nixpkg_rev_bin VALUES('openldap','/bin/slapindex','32dcb45f66c0487e92db8303a798ebc548cadedc');
INSERT INTO nixpkg_rev_bin VALUES('openldap','/bin/slapmodify','32dcb45f66c0487e92db8303a798ebc548cadedc');
INSERT INTO nixpkg_rev_bin VALUES('openldap','/bin/slappasswd','32dcb45f66c0487e92db8303a798ebc548cadedc');
INSERT INTO nixpkg_rev_bin VALUES('openldap','/bin/slapschema','32dcb45f66c0487e92db8303a798ebc548cadedc');
INSERT INTO nixpkg_rev_bin VALUES('openldap','/bin/slaptest','32dcb45f66c0487e92db8303a798ebc548cadedc');
INSERT INTO nixpkg_rev_bin VALUES('openssl','/bin/c_rehash','32dcb45f66c0487e92db8303a798ebc548cadedc');
INSERT INTO nixpkg_rev_bin VALUES('openssl','/bin/openssl','32dcb45f66c0487e92db8303a798ebc548cadedc');
INSERT INTO nixpkg_rev_bin VALUES('overmind','/bin/overmind','32dcb45f66c0487e92db8303a798ebc548cadedc');
INSERT INTO nixpkg_rev_bin VALUES('parallel','/bin/env_parallel','32dcb45f66c0487e92db8303a798ebc548cadedc');
INSERT INTO nixpkg_rev_bin VALUES('parallel','/bin/env_parallel.ash','32dcb45f66c0487e92db8303a798ebc548cadedc');
INSERT INTO nixpkg_rev_bin VALUES('parallel','/bin/env_parallel.bash','32dcb45f66c0487e92db8303a798ebc548cadedc');
INSERT INTO nixpkg_rev_bin VALUES('parallel','/bin/env_parallel.csh','32dcb45f66c0487e92db8303a798ebc548cadedc');
INSERT INTO nixpkg_rev_bin VALUES('parallel','/bin/env_parallel.dash','32dcb45f66c0487e92db8303a798ebc548cadedc');
INSERT INTO nixpkg_rev_bin VALUES('parallel','/bin/env_parallel.fish','32dcb45f66c0487e92db8303a798ebc548cadedc');
INSERT INTO nixpkg_rev_bin VALUES('parallel','/bin/env_parallel.ksh','32dcb45f66c0487e92db8303a798ebc548cadedc');
INSERT INTO nixpkg_rev_bin VALUES('parallel','/bin/env_parallel.mksh','32dcb45f66c0487e92db8303a798ebc548cadedc');
INSERT INTO nixpkg_rev_bin VALUES('parallel','/bin/env_parallel.pdksh','32dcb45f66c0487e92db8303a798ebc548cadedc');
INSERT INTO nixpkg_rev_bin VALUES('parallel','/bin/env_parallel.sh','32dcb45f66c0487e92db8303a798ebc548cadedc');
INSERT INTO nixpkg_rev_bin VALUES('parallel','/bin/env_parallel.tcsh','32dcb45f66c0487e92db8303a798ebc548cadedc');
INSERT INTO nixpkg_rev_bin VALUES('parallel','/bin/env_parallel.zsh','32dcb45f66c0487e92db8303a798ebc548cadedc');
INSERT INTO nixpkg_rev_bin VALUES('parallel','/bin/niceload','32dcb45f66c0487e92db8303a798ebc548cadedc');
INSERT INTO nixpkg_rev_bin VALUES('parallel','/bin/parallel','32dcb45f66c0487e92db8303a798ebc548cadedc');
INSERT INTO nixpkg_rev_bin VALUES('parallel','/bin/parcat','32dcb45f66c0487e92db8303a798ebc548cadedc');
INSERT INTO nixpkg_rev_bin VALUES('parallel','/bin/parset','32dcb45f66c0487e92db8303a798ebc548cadedc');
INSERT INTO nixpkg_rev_bin VALUES('parallel','/bin/parsort','32dcb45f66c0487e92db8303a798ebc548cadedc');
INSERT INTO nixpkg_rev_bin VALUES('parallel','/bin/sem','32dcb45f66c0487e92db8303a798ebc548cadedc');
INSERT INTO nixpkg_rev_bin VALUES('parallel','/bin/sql','32dcb45f66c0487e92db8303a798ebc548cadedc');
INSERT INTO nixpkg_rev_bin VALUES('pipectl','/bin/pipectl','32dcb45f66c0487e92db8303a798ebc548cadedc');
INSERT INTO nixpkg_rev_bin VALUES('pipx','/bin/pipx','32dcb45f66c0487e92db8303a798ebc548cadedc');
INSERT INTO nixpkg_rev_bin VALUES('playerctl','/bin/playerctl','32dcb45f66c0487e92db8303a798ebc548cadedc');
INSERT INTO nixpkg_rev_bin VALUES('playerctl','/bin/playerctld','32dcb45f66c0487e92db8303a798ebc548cadedc');
INSERT INTO nixpkg_rev_bin VALUES('poppler_utils','/bin/pdfattach','32dcb45f66c0487e92db8303a798ebc548cadedc');
INSERT INTO nixpkg_rev_bin VALUES('poppler_utils','/bin/pdfdetach','32dcb45f66c0487e92db8303a798ebc548cadedc');
INSERT INTO nixpkg_rev_bin VALUES('poppler_utils','/bin/pdffonts','32dcb45f66c0487e92db8303a798ebc548cadedc');
INSERT INTO nixpkg_rev_bin VALUES('poppler_utils','/bin/pdfimages','32dcb45f66c0487e92db8303a798ebc548cadedc');
INSERT INTO nixpkg_rev_bin VALUES('poppler_utils','/bin/pdfinfo','32dcb45f66c0487e92db8303a798ebc548cadedc');
INSERT INTO nixpkg_rev_bin VALUES('poppler_utils','/bin/pdfseparate','32dcb45f66c0487e92db8303a798ebc548cadedc');
INSERT INTO nixpkg_rev_bin VALUES('poppler_utils','/bin/pdfsig','32dcb45f66c0487e92db8303a798ebc548cadedc');
INSERT INTO nixpkg_rev_bin VALUES('poppler_utils','/bin/pdftocairo','32dcb45f66c0487e92db8303a798ebc548cadedc');
INSERT INTO nixpkg_rev_bin VALUES('poppler_utils','/bin/pdftohtml','32dcb45f66c0487e92db8303a798ebc548cadedc');
INSERT INTO nixpkg_rev_bin VALUES('poppler_utils','/bin/pdftoppm','32dcb45f66c0487e92db8303a798ebc548cadedc');
INSERT INTO nixpkg_rev_bin VALUES('poppler_utils','/bin/pdftops','32dcb45f66c0487e92db8303a798ebc548cadedc');
INSERT INTO nixpkg_rev_bin VALUES('poppler_utils','/bin/pdftotext','32dcb45f66c0487e92db8303a798ebc548cadedc');
INSERT INTO nixpkg_rev_bin VALUES('poppler_utils','/bin/pdfunite','32dcb45f66c0487e92db8303a798ebc548cadedc');
INSERT INTO nixpkg_rev_bin VALUES('progress','/bin/progress','32dcb45f66c0487e92db8303a798ebc548cadedc');
INSERT INTO nixpkg_rev_bin VALUES('pv','/bin/pv','32dcb45f66c0487e92db8303a798ebc548cadedc');
INSERT INTO nixpkg_rev_bin VALUES('python311Packages.zfec','/bin/zfec','32dcb45f66c0487e92db8303a798ebc548cadedc');
INSERT INTO nixpkg_rev_bin VALUES('python311Packages.zfec','/bin/zunfec','32dcb45f66c0487e92db8303a798ebc548cadedc');
INSERT INTO nixpkg_rev_bin VALUES('rancher','/bin/rancher','32dcb45f66c0487e92db8303a798ebc548cadedc');
INSERT INTO nixpkg_rev_bin VALUES('rclone','/bin/rclone','32dcb45f66c0487e92db8303a798ebc548cadedc');
INSERT INTO nixpkg_rev_bin VALUES('rfc','/bin/rfc','32dcb45f66c0487e92db8303a798ebc548cadedc');
INSERT INTO nixpkg_rev_bin VALUES('roc-toolkit','/bin/roc-conv','32dcb45f66c0487e92db8303a798ebc548cadedc');
INSERT INTO nixpkg_rev_bin VALUES('roc-toolkit','/bin/roc-recv','32dcb45f66c0487e92db8303a798ebc548cadedc');
INSERT INTO nixpkg_rev_bin VALUES('roc-toolkit','/bin/roc-send','32dcb45f66c0487e92db8303a798ebc548cadedc');
INSERT INTO nixpkg_rev_bin VALUES('ruff','/bin/ruff','32dcb45f66c0487e92db8303a798ebc548cadedc');
INSERT INTO nixpkg_rev_bin VALUES('shellcheck','/bin/shellcheck','32dcb45f66c0487e92db8303a798ebc548cadedc');
INSERT INTO nixpkg_rev_bin VALUES('shellharden','/bin/shellharden','32dcb45f66c0487e92db8303a798ebc548cadedc');
INSERT INTO nixpkg_rev_bin VALUES('shfmt','/bin/shfmt','32dcb45f66c0487e92db8303a798ebc548cadedc');
INSERT INTO nixpkg_rev_bin VALUES('sqlar','/bin/sqlar','32dcb45f66c0487e92db8303a798ebc548cadedc');
INSERT INTO nixpkg_rev_bin VALUES('sqlar','/bin/sqlarfs','32dcb45f66c0487e92db8303a798ebc548cadedc');
INSERT INTO nixpkg_rev_bin VALUES('sqldiff','/bin/sqldiff','32dcb45f66c0487e92db8303a798ebc548cadedc');
INSERT INTO nixpkg_rev_bin VALUES('sqlite-analyzer','/bin/sqlite3_analyzer','32dcb45f66c0487e92db8303a798ebc548cadedc');
INSERT INTO nixpkg_rev_bin VALUES('sqlite-interactive','/bin/sqlite3','32dcb45f66c0487e92db8303a798ebc548cadedc');
INSERT INTO nixpkg_rev_bin VALUES('squashfuse','/bin/squashfuse','32dcb45f66c0487e92db8303a798ebc548cadedc');
INSERT INTO nixpkg_rev_bin VALUES('squashfuse','/bin/squashfuse_ll','32dcb45f66c0487e92db8303a798ebc548cadedc');
INSERT INTO nixpkg_rev_bin VALUES('syncthing','/bin/syncthing','32dcb45f66c0487e92db8303a798ebc548cadedc');
INSERT INTO nixpkg_rev_bin VALUES('sysstat','/bin/cifsiostat','32dcb45f66c0487e92db8303a798ebc548cadedc');
INSERT INTO nixpkg_rev_bin VALUES('sysstat','/bin/iostat','32dcb45f66c0487e92db8303a798ebc548cadedc');
INSERT INTO nixpkg_rev_bin VALUES('sysstat','/bin/mpstat','32dcb45f66c0487e92db8303a798ebc548cadedc');
INSERT INTO nixpkg_rev_bin VALUES('sysstat','/bin/pidstat','32dcb45f66c0487e92db8303a798ebc548cadedc');
INSERT INTO nixpkg_rev_bin VALUES('sysstat','/bin/sadf','32dcb45f66c0487e92db8303a798ebc548cadedc');
INSERT INTO nixpkg_rev_bin VALUES('sysstat','/bin/sar','32dcb45f66c0487e92db8303a798ebc548cadedc');
INSERT INTO nixpkg_rev_bin VALUES('sysstat','/bin/tapestat','32dcb45f66c0487e92db8303a798ebc548cadedc');
INSERT INTO nixpkg_rev_bin VALUES('tiptop','/bin/ptiptop','32dcb45f66c0487e92db8303a798ebc548cadedc');
INSERT INTO nixpkg_rev_bin VALUES('tiptop','/bin/tiptop','32dcb45f66c0487e92db8303a798ebc548cadedc');
INSERT INTO nixpkg_rev_bin VALUES('tmux','/bin/tmux','32dcb45f66c0487e92db8303a798ebc548cadedc');
INSERT INTO nixpkg_rev_bin VALUES('transmission','/bin/transmission-cli','32dcb45f66c0487e92db8303a798ebc548cadedc');
INSERT INTO nixpkg_rev_bin VALUES('transmission','/bin/transmission-create','32dcb45f66c0487e92db8303a798ebc548cadedc');
INSERT INTO nixpkg_rev_bin VALUES('transmission','/bin/transmission-daemon','32dcb45f66c0487e92db8303a798ebc548cadedc');
INSERT INTO nixpkg_rev_bin VALUES('transmission','/bin/transmission-edit','32dcb45f66c0487e92db8303a798ebc548cadedc');
INSERT INTO nixpkg_rev_bin VALUES('transmission','/bin/transmission-remote','32dcb45f66c0487e92db8303a798ebc548cadedc');
INSERT INTO nixpkg_rev_bin VALUES('transmission','/bin/transmission-show','32dcb45f66c0487e92db8303a798ebc548cadedc');
INSERT INTO nixpkg_rev_bin VALUES('unpaper','/bin/unpaper','32dcb45f66c0487e92db8303a798ebc548cadedc');
INSERT INTO nixpkg_rev_bin VALUES('vips','/bin/vips','32dcb45f66c0487e92db8303a798ebc548cadedc');
INSERT INTO nixpkg_rev_bin VALUES('vips','/bin/vipsedit','32dcb45f66c0487e92db8303a798ebc548cadedc');
INSERT INTO nixpkg_rev_bin VALUES('vips','/bin/vipsheader','32dcb45f66c0487e92db8303a798ebc548cadedc');
INSERT INTO nixpkg_rev_bin VALUES('vips','/bin/vipsprofile','32dcb45f66c0487e92db8303a798ebc548cadedc');
INSERT INTO nixpkg_rev_bin VALUES('vips','/bin/vipsthumbnail','32dcb45f66c0487e92db8303a798ebc548cadedc');
INSERT INTO nixpkg_rev_bin VALUES('wayland-utils','/bin/wayland-info','32dcb45f66c0487e92db8303a798ebc548cadedc');
INSERT INTO nixpkg_rev_bin VALUES('waypipe','/bin/waypipe','32dcb45f66c0487e92db8303a798ebc548cadedc');
INSERT INTO nixpkg_rev_bin VALUES('wayvnc','/bin/wayvnc','32dcb45f66c0487e92db8303a798ebc548cadedc');
INSERT INTO nixpkg_rev_bin VALUES('wayvnc','/bin/wayvncctl','32dcb45f66c0487e92db8303a798ebc548cadedc');
INSERT INTO nixpkg_rev_bin VALUES('wdomirror','/bin/wdomirror','32dcb45f66c0487e92db8303a798ebc548cadedc');
INSERT INTO nixpkg_rev_bin VALUES('wev','/bin/wev','32dcb45f66c0487e92db8303a798ebc548cadedc');
INSERT INTO nixpkg_rev_bin VALUES('wf-recorder','/bin/wf-recorder','32dcb45f66c0487e92db8303a798ebc548cadedc');
INSERT INTO nixpkg_rev_bin VALUES('wl-clipboard','/bin/wl-copy','32dcb45f66c0487e92db8303a798ebc548cadedc');
INSERT INTO nixpkg_rev_bin VALUES('wl-clipboard','/bin/wl-paste','32dcb45f66c0487e92db8303a798ebc548cadedc');
INSERT INTO nixpkg_rev_bin VALUES('wl-mirror','/bin/wl-mirror','32dcb45f66c0487e92db8303a798ebc548cadedc');
INSERT INTO nixpkg_rev_bin VALUES('wl-mirror','/bin/wl-present','32dcb45f66c0487e92db8303a798ebc548cadedc');
INSERT INTO nixpkg_rev_bin VALUES('wlrctl','/bin/wlrctl','32dcb45f66c0487e92db8303a798ebc548cadedc');
INSERT INTO nixpkg_rev_bin VALUES('wmctrl','/bin/wmctrl','32dcb45f66c0487e92db8303a798ebc548cadedc');
INSERT INTO nixpkg_rev_bin VALUES('wtype','/bin/wtype','32dcb45f66c0487e92db8303a798ebc548cadedc');
INSERT INTO nixpkg_rev_bin VALUES('xfce.exo','/bin/exo-desktop-item-edit','32dcb45f66c0487e92db8303a798ebc548cadedc');
INSERT INTO nixpkg_rev_bin VALUES('xfce.exo','/bin/exo-open','32dcb45f66c0487e92db8303a798ebc548cadedc');
INSERT INTO nixpkg_rev_bin VALUES('xfce.gigolo','/bin/gigolo','32dcb45f66c0487e92db8303a798ebc548cadedc');
INSERT INTO nixpkg_rev_bin VALUES('xorg.xrandr','/bin/xrandr','3b79cc4bcd9c09b5aa68ea1957c25e437dc6bc58');
INSERT INTO nixpkg_rev_bin VALUES('xterm','/bin/koi8rxterm','32dcb45f66c0487e92db8303a798ebc548cadedc');
INSERT INTO nixpkg_rev_bin VALUES('xterm','/bin/resize','32dcb45f66c0487e92db8303a798ebc548cadedc');
INSERT INTO nixpkg_rev_bin VALUES('xterm','/bin/uxterm','32dcb45f66c0487e92db8303a798ebc548cadedc');
INSERT INTO nixpkg_rev_bin VALUES('xterm','/bin/xterm','32dcb45f66c0487e92db8303a798ebc548cadedc');
INSERT INTO nixpkg_rev_bin VALUES('zathura','/bin/zathura','32dcb45f66c0487e92db8303a798ebc548cadedc');
INSERT INTO nixpkg_rev_bin VALUES('zstd','/bin/pzstd','32dcb45f66c0487e92db8303a798ebc548cadedc');
INSERT INTO nixpkg_rev_bin VALUES('zstd','/bin/unzstd','32dcb45f66c0487e92db8303a798ebc548cadedc');
INSERT INTO nixpkg_rev_bin VALUES('zstd','/bin/zstd','32dcb45f66c0487e92db8303a798ebc548cadedc');
INSERT INTO nixpkg_rev_bin VALUES('zstd','/bin/zstdcat','32dcb45f66c0487e92db8303a798ebc548cadedc');
INSERT INTO nixpkg_rev_bin VALUES('zstd','/bin/zstdgrep','32dcb45f66c0487e92db8303a798ebc548cadedc');
INSERT INTO nixpkg_rev_bin VALUES('zstd','/bin/zstdless','32dcb45f66c0487e92db8303a798ebc548cadedc');
INSERT INTO nixpkg_rev_bin VALUES('zstd','/bin/zstdmt','32dcb45f66c0487e92db8303a798ebc548cadedc');
CREATE TABLE rev
(
    rev      TEXT not null
        primary key
        unique,
    flakeref TEXT not null,
    ctime    REAL default (unixepoch())
);
INSERT INTO rev VALUES('32dcb45f66c0487e92db8303a798ebc548cadedc','github:NixOS/nixpkgs/nixos-23.05',1696282743.0);
INSERT INTO rev VALUES('3b79cc4bcd9c09b5aa68ea1957c25e437dc6bc58','github:NixOS/nixpkgs/nixos-23.05',1696460185.0);
CREATE TABLE IF NOT EXISTS "nixpkg_rev"
(
    pname TEXT not null
        references nixpkg,
    rev   TEXT not null
        references rev,
    etc   TEXT,
    primary key (pname, rev),
    check (json_valid(etc))
);
INSERT INTO nixpkg_rev VALUES('alejandra','32dcb45f66c0487e92db8303a798ebc548cadedc','[{"drvPath": "/nix/store/3irzcc52grr1slncrd54by5q18a5gj8g-alejandra-3.0.0.drv", "outputs": {"out": "/nix/store/9a2fjlwfiag3w2hgfqn81b83gndfi08a-alejandra-3.0.0"}, "startTime": 0, "stopTime": 0}]');
INSERT INTO nixpkg_rev VALUES('alejandra','3b79cc4bcd9c09b5aa68ea1957c25e437dc6bc58','[{"drvPath": "/nix/store/3irzcc52grr1slncrd54by5q18a5gj8g-alejandra-3.0.0.drv", "outputs": {"out": "/nix/store/9a2fjlwfiag3w2hgfqn81b83gndfi08a-alejandra-3.0.0"}, "startTime": 0, "stopTime": 0}]');
INSERT INTO nixpkg_rev VALUES('aria','32dcb45f66c0487e92db8303a798ebc548cadedc','[{"drvPath": "/nix/store/3i7fk4pnwdds2qcccar027zq22gw8q49-aria2-1.36.0.drv", "outputs": {"bin": "/nix/store/6r1v499jmykx37dr3vslzzs4djdmalzp-aria2-1.36.0-bin", "man": "/nix/store/rhdj1s8n6h1hsfrc4g0ys1ryw6fz6y9i-aria2-1.36.0-man"}, "startTime": 0, "stopTime": 0}]');
INSERT INTO nixpkg_rev VALUES('aria','3b79cc4bcd9c09b5aa68ea1957c25e437dc6bc58','[{"drvPath": "/nix/store/3i7fk4pnwdds2qcccar027zq22gw8q49-aria2-1.36.0.drv", "outputs": {"bin": "/nix/store/6r1v499jmykx37dr3vslzzs4djdmalzp-aria2-1.36.0-bin", "man": "/nix/store/rhdj1s8n6h1hsfrc4g0ys1ryw6fz6y9i-aria2-1.36.0-man"}, "startTime": 0, "stopTime": 0}]');
INSERT INTO nixpkg_rev VALUES('atomicparsley','32dcb45f66c0487e92db8303a798ebc548cadedc','[{"drvPath": "/nix/store/0v5bchh4rb8715xrb3chnfa5hgm0a3zc-atomicparsley-20221229.172126.d813aa6.drv", "outputs": {"out": "/nix/store/bnksvc6wgyfcwxmnj7s2r7lv9pxk07cw-atomicparsley-20221229.172126.d813aa6"}, "startTime": 0, "stopTime": 0}]');
INSERT INTO nixpkg_rev VALUES('atomicparsley','3b79cc4bcd9c09b5aa68ea1957c25e437dc6bc58','[{"drvPath": "/nix/store/0v5bchh4rb8715xrb3chnfa5hgm0a3zc-atomicparsley-20221229.172126.d813aa6.drv", "outputs": {"out": "/nix/store/bnksvc6wgyfcwxmnj7s2r7lv9pxk07cw-atomicparsley-20221229.172126.d813aa6"}, "startTime": 0, "stopTime": 0}]');
INSERT INTO nixpkg_rev VALUES('atuin','32dcb45f66c0487e92db8303a798ebc548cadedc','[{"drvPath": "/nix/store/y913ykgfbmva181zns503g5fsgyaycpz-atuin-14.0.1.drv", "outputs": {"out": "/nix/store/plgbg3qa1pxfx3i2rv37jhv7j9c4020s-atuin-14.0.1"}, "startTime": 0, "stopTime": 0}]');
INSERT INTO nixpkg_rev VALUES('atuin','3b79cc4bcd9c09b5aa68ea1957c25e437dc6bc58','[{"drvPath": "/nix/store/y913ykgfbmva181zns503g5fsgyaycpz-atuin-14.0.1.drv", "outputs": {"out": "/nix/store/plgbg3qa1pxfx3i2rv37jhv7j9c4020s-atuin-14.0.1"}, "startTime": 0, "stopTime": 0}]');
INSERT INTO nixpkg_rev VALUES('bash-preexec','32dcb45f66c0487e92db8303a798ebc548cadedc','[{"drvPath": "/nix/store/yr26mgd0cjqjwclmgjxwd74m724siz94-bash-preexec-0.5.0.drv", "outputs": {"out": "/nix/store/8lbh527jy1imjvwsi792qgqmg2dlfmqs-bash-preexec-0.5.0"}, "startTime": 0, "stopTime": 0}]');
INSERT INTO nixpkg_rev VALUES('bash-preexec','3b79cc4bcd9c09b5aa68ea1957c25e437dc6bc58','[{"drvPath": "/nix/store/yr26mgd0cjqjwclmgjxwd74m724siz94-bash-preexec-0.5.0.drv", "outputs": {"out": "/nix/store/8lbh527jy1imjvwsi792qgqmg2dlfmqs-bash-preexec-0.5.0"}, "startTime": 0, "stopTime": 0}]');
INSERT INTO nixpkg_rev VALUES('bindfs','32dcb45f66c0487e92db8303a798ebc548cadedc','[{"drvPath": "/nix/store/17c2w68ll524ggc4vpnl1z39x42maghl-bindfs-1.17.2.drv", "outputs": {"out": "/nix/store/v5bfiyp3hkrjcl24vapss4hs8i2lr87l-bindfs-1.17.2"}, "startTime": 0, "stopTime": 0}]');
INSERT INTO nixpkg_rev VALUES('bindfs','3b79cc4bcd9c09b5aa68ea1957c25e437dc6bc58','[{"drvPath": "/nix/store/17c2w68ll524ggc4vpnl1z39x42maghl-bindfs-1.17.2.drv", "outputs": {"out": "/nix/store/v5bfiyp3hkrjcl24vapss4hs8i2lr87l-bindfs-1.17.2"}, "startTime": 0, "stopTime": 0}]');
INSERT INTO nixpkg_rev VALUES('bitwarden-cli','32dcb45f66c0487e92db8303a798ebc548cadedc','[{"drvPath": "/nix/store/7plc7lyrhwqs0rib4c1ryz1dx11q4ad4-bitwarden-cli-2023.4.0.drv", "outputs": {"out": "/nix/store/j3ldz1dbpsiajfznddpzwkml9lwawwsn-bitwarden-cli-2023.4.0"}, "startTime": 0, "stopTime": 0}]');
INSERT INTO nixpkg_rev VALUES('bitwarden-cli','3b79cc4bcd9c09b5aa68ea1957c25e437dc6bc58','[{"drvPath": "/nix/store/7plc7lyrhwqs0rib4c1ryz1dx11q4ad4-bitwarden-cli-2023.4.0.drv", "outputs": {"out": "/nix/store/j3ldz1dbpsiajfznddpzwkml9lwawwsn-bitwarden-cli-2023.4.0"}, "startTime": 0, "stopTime": 0}]');
INSERT INTO nixpkg_rev VALUES('black','32dcb45f66c0487e92db8303a798ebc548cadedc','[{"drvPath": "/nix/store/wx6xh1bpxf9zkxd46zfiabn769mdifrz-python3.10-black-23.1.0.drv", "outputs": {"out": "/nix/store/d2zqw8vws93hs4lgscml0ljpr35j7b1s-python3.10-black-23.1.0"}, "startTime": 0, "stopTime": 0}]');
INSERT INTO nixpkg_rev VALUES('black','3b79cc4bcd9c09b5aa68ea1957c25e437dc6bc58','[{"drvPath": "/nix/store/wx6xh1bpxf9zkxd46zfiabn769mdifrz-python3.10-black-23.1.0.drv", "outputs": {"out": "/nix/store/d2zqw8vws93hs4lgscml0ljpr35j7b1s-python3.10-black-23.1.0"}, "startTime": 0, "stopTime": 0}]');
INSERT INTO nixpkg_rev VALUES('borgbackup','32dcb45f66c0487e92db8303a798ebc548cadedc','[{"drvPath": "/nix/store/ra1265v2s28vpy55mzznhn3z3g9wbn8w-borgbackup-1.2.6.drv", "outputs": {"man": "/nix/store/h7w3y21c5z7rb9iprl5rnkc73ns9mfk5-borgbackup-1.2.6-man", "out": "/nix/store/fq7ib0symgsj05gapni7yw2nj9gvr7di-borgbackup-1.2.6"}, "startTime": 0, "stopTime": 0}]');
INSERT INTO nixpkg_rev VALUES('borgbackup','3b79cc4bcd9c09b5aa68ea1957c25e437dc6bc58','[{"drvPath": "/nix/store/ra1265v2s28vpy55mzznhn3z3g9wbn8w-borgbackup-1.2.6.drv", "outputs": {"man": "/nix/store/h7w3y21c5z7rb9iprl5rnkc73ns9mfk5-borgbackup-1.2.6-man", "out": "/nix/store/fq7ib0symgsj05gapni7yw2nj9gvr7di-borgbackup-1.2.6"}, "startTime": 0, "stopTime": 0}]');
INSERT INTO nixpkg_rev VALUES('btfs','32dcb45f66c0487e92db8303a798ebc548cadedc','[{"drvPath": "/nix/store/dqfdfmi28h0bbwqpgng0nb82iy8s2c9h-btfs-2.24.drv", "outputs": {"out": "/nix/store/nqpz7y7j5073h17nsm370gchcikpzkd7-btfs-2.24"}, "startTime": 0, "stopTime": 0}]');
INSERT INTO nixpkg_rev VALUES('btfs','3b79cc4bcd9c09b5aa68ea1957c25e437dc6bc58','[{"drvPath": "/nix/store/dqfdfmi28h0bbwqpgng0nb82iy8s2c9h-btfs-2.24.drv", "outputs": {"out": "/nix/store/nqpz7y7j5073h17nsm370gchcikpzkd7-btfs-2.24"}, "startTime": 0, "stopTime": 0}]');
INSERT INTO nixpkg_rev VALUES('cntr','32dcb45f66c0487e92db8303a798ebc548cadedc','[{"drvPath": "/nix/store/simsq6vz8hmp48s95mwdiq03dzg1k7bs-cntr-1.5.1.drv", "outputs": {"out": "/nix/store/bbqa772yi8nkxbsdh3a4qaq9r05nijif-cntr-1.5.1"}, "startTime": 0, "stopTime": 0}]');
INSERT INTO nixpkg_rev VALUES('cntr','3b79cc4bcd9c09b5aa68ea1957c25e437dc6bc58','[{"drvPath": "/nix/store/simsq6vz8hmp48s95mwdiq03dzg1k7bs-cntr-1.5.1.drv", "outputs": {"out": "/nix/store/bbqa772yi8nkxbsdh3a4qaq9r05nijif-cntr-1.5.1"}, "startTime": 0, "stopTime": 0}]');
INSERT INTO nixpkg_rev VALUES('deno','32dcb45f66c0487e92db8303a798ebc548cadedc','[{"drvPath": "/nix/store/2jan5sbrrajcym1pn57mrskb0aa3m8w3-deno-1.33.3.drv", "outputs": {"out": "/nix/store/sl6f00dafhng5s31micmrm92fzrpb8jf-deno-1.33.3"}, "startTime": 0, "stopTime": 0}]');
INSERT INTO nixpkg_rev VALUES('deno','3b79cc4bcd9c09b5aa68ea1957c25e437dc6bc58','[{"drvPath": "/nix/store/2jan5sbrrajcym1pn57mrskb0aa3m8w3-deno-1.33.3.drv", "outputs": {"out": "/nix/store/sl6f00dafhng5s31micmrm92fzrpb8jf-deno-1.33.3"}, "startTime": 0, "stopTime": 0}]');
INSERT INTO nixpkg_rev VALUES('dialog','32dcb45f66c0487e92db8303a798ebc548cadedc','[{"drvPath": "/nix/store/zbrkmiwnzqgn68ca7b5yv7361mp8j8yn-dialog-1.3-20220728.drv", "outputs": {"out": "/nix/store/13xgbnqp1ya8jhvkvnd6iyn0xw2sn9li-dialog-1.3-20220728"}, "startTime": 0, "stopTime": 0}]');
INSERT INTO nixpkg_rev VALUES('dialog','3b79cc4bcd9c09b5aa68ea1957c25e437dc6bc58','[{"drvPath": "/nix/store/zbrkmiwnzqgn68ca7b5yv7361mp8j8yn-dialog-1.3-20220728.drv", "outputs": {"out": "/nix/store/13xgbnqp1ya8jhvkvnd6iyn0xw2sn9li-dialog-1.3-20220728"}, "startTime": 0, "stopTime": 0}]');
INSERT INTO nixpkg_rev VALUES('dig','32dcb45f66c0487e92db8303a798ebc548cadedc','[{"drvPath": "/nix/store/pv9qvvs7b2hkrfld4akqn0iy4am3bg65-bind-9.18.19.drv", "outputs": {"dnsutils": "/nix/store/fl9bzkrkda8frh8icj9c4h1235ykwyl8-bind-9.18.19-dnsutils"}, "startTime": 0, "stopTime": 0}]');
INSERT INTO nixpkg_rev VALUES('dig','3b79cc4bcd9c09b5aa68ea1957c25e437dc6bc58','[{"drvPath": "/nix/store/pv9qvvs7b2hkrfld4akqn0iy4am3bg65-bind-9.18.19.drv", "outputs": {"dnsutils": "/nix/store/fl9bzkrkda8frh8icj9c4h1235ykwyl8-bind-9.18.19-dnsutils"}, "startTime": 0, "stopTime": 0}]');
INSERT INTO nixpkg_rev VALUES('dmtx-utils','32dcb45f66c0487e92db8303a798ebc548cadedc','[{"drvPath": "/nix/store/25n9lpn6knsmbfjflx9kbb1v9j0ivxm7-dmtx-utils-0.7.6.drv", "outputs": {"out": "/nix/store/4phfak4hwsr4q5slsrkz9cgs238p30f8-dmtx-utils-0.7.6"}, "startTime": 0, "stopTime": 0}]');
INSERT INTO nixpkg_rev VALUES('dmtx-utils','3b79cc4bcd9c09b5aa68ea1957c25e437dc6bc58','[{"drvPath": "/nix/store/25n9lpn6knsmbfjflx9kbb1v9j0ivxm7-dmtx-utils-0.7.6.drv", "outputs": {"out": "/nix/store/4phfak4hwsr4q5slsrkz9cgs238p30f8-dmtx-utils-0.7.6"}, "startTime": 0, "stopTime": 0}]');
INSERT INTO nixpkg_rev VALUES('docker-client','32dcb45f66c0487e92db8303a798ebc548cadedc','[{"drvPath": "/nix/store/zc7gkv1vx3y61jxy26m20x4n83zrnk8l-docker-20.10.25.drv", "outputs": {"man": "/nix/store/nfjlc1dg4d3438yi97y5zfbrvwvzgh70-docker-20.10.25-man", "out": "/nix/store/rz3nri5g76ndaky3007x0h9xrfk24vy4-docker-20.10.25"}, "startTime": 0, "stopTime": 0}]');
INSERT INTO nixpkg_rev VALUES('docker-client','3b79cc4bcd9c09b5aa68ea1957c25e437dc6bc58','[{"drvPath": "/nix/store/zc7gkv1vx3y61jxy26m20x4n83zrnk8l-docker-20.10.25.drv", "outputs": {"man": "/nix/store/nfjlc1dg4d3438yi97y5zfbrvwvzgh70-docker-20.10.25-man", "out": "/nix/store/rz3nri5g76ndaky3007x0h9xrfk24vy4-docker-20.10.25"}, "startTime": 0, "stopTime": 0}]');
INSERT INTO nixpkg_rev VALUES('docker-compose','32dcb45f66c0487e92db8303a798ebc548cadedc','[{"drvPath": "/nix/store/hzksv1gqakg2p9mgqrgx2ijs2wj3p1a5-docker-compose-2.18.1.drv", "outputs": {"out": "/nix/store/g83f4vv1w42s3r2s0ynx23lky5gf3ib5-docker-compose-2.18.1"}, "startTime": 0, "stopTime": 0}]');
INSERT INTO nixpkg_rev VALUES('docker-compose','3b79cc4bcd9c09b5aa68ea1957c25e437dc6bc58','[{"drvPath": "/nix/store/hzksv1gqakg2p9mgqrgx2ijs2wj3p1a5-docker-compose-2.18.1.drv", "outputs": {"out": "/nix/store/g83f4vv1w42s3r2s0ynx23lky5gf3ib5-docker-compose-2.18.1"}, "startTime": 0, "stopTime": 0}]');
INSERT INTO nixpkg_rev VALUES('ffmpeg_6-full','32dcb45f66c0487e92db8303a798ebc548cadedc','[{"drvPath": "/nix/store/fibkh4jbhxsgck1z5gbl4a8a0b460ap7-ffmpeg-full-6.0.drv", "outputs": {"bin": "/nix/store/88lpsbry7i7pkg9h151m6qiads84r1sd-ffmpeg-full-6.0-bin", "man": "/nix/store/2ssg79fcxms3kkjhw52nxf3dbgfhz4gy-ffmpeg-full-6.0-man"}, "startTime": 0, "stopTime": 0}]');
INSERT INTO nixpkg_rev VALUES('ffmpeg_6-full','3b79cc4bcd9c09b5aa68ea1957c25e437dc6bc58','[{"drvPath": "/nix/store/fibkh4jbhxsgck1z5gbl4a8a0b460ap7-ffmpeg-full-6.0.drv", "outputs": {"bin": "/nix/store/88lpsbry7i7pkg9h151m6qiads84r1sd-ffmpeg-full-6.0-bin", "man": "/nix/store/2ssg79fcxms3kkjhw52nxf3dbgfhz4gy-ffmpeg-full-6.0-man"}, "startTime": 0, "stopTime": 0}]');
INSERT INTO nixpkg_rev VALUES('gifsicle','32dcb45f66c0487e92db8303a798ebc548cadedc','[{"drvPath": "/nix/store/9xbki956r9fdjnd5z2a2ls2rw8nkqmld-gifsicle-1.94.drv", "outputs": {"out": "/nix/store/059dbf0h6s13xwf9mn9ck2najw7s2b80-gifsicle-1.94"}, "startTime": 0, "stopTime": 0}]');
INSERT INTO nixpkg_rev VALUES('gifsicle','3b79cc4bcd9c09b5aa68ea1957c25e437dc6bc58','[{"drvPath": "/nix/store/9xbki956r9fdjnd5z2a2ls2rw8nkqmld-gifsicle-1.94.drv", "outputs": {"out": "/nix/store/059dbf0h6s13xwf9mn9ck2najw7s2b80-gifsicle-1.94"}, "startTime": 0, "stopTime": 0}]');
INSERT INTO nixpkg_rev VALUES('gitfs','32dcb45f66c0487e92db8303a798ebc548cadedc','[{"drvPath": "/nix/store/gws7ib02wkywqa6zfr570dgfbgjy7ncr-gitfs-0.5.2.drv", "outputs": {"out": "/nix/store/k9fsvqxv249mv77awf9ar6swzpsnj7fq-gitfs-0.5.2"}, "startTime": 0, "stopTime": 0}]');
INSERT INTO nixpkg_rev VALUES('gitfs','3b79cc4bcd9c09b5aa68ea1957c25e437dc6bc58','[{"drvPath": "/nix/store/gws7ib02wkywqa6zfr570dgfbgjy7ncr-gitfs-0.5.2.drv", "outputs": {"out": "/nix/store/k9fsvqxv249mv77awf9ar6swzpsnj7fq-gitfs-0.5.2"}, "startTime": 0, "stopTime": 0}]');
INSERT INTO nixpkg_rev VALUES('git-lfs','32dcb45f66c0487e92db8303a798ebc548cadedc','[{"drvPath": "/nix/store/s5zyp0cpx9vla2q46gfsy0bn1f7ghz0q-git-lfs-3.3.0.drv", "outputs": {"out": "/nix/store/6j33bwyg6xn3yq3pi0dp5fd3z4gh55fa-git-lfs-3.3.0"}, "startTime": 0, "stopTime": 0}]');
INSERT INTO nixpkg_rev VALUES('git-lfs','3b79cc4bcd9c09b5aa68ea1957c25e437dc6bc58','[{"drvPath": "/nix/store/s5zyp0cpx9vla2q46gfsy0bn1f7ghz0q-git-lfs-3.3.0.drv", "outputs": {"out": "/nix/store/6j33bwyg6xn3yq3pi0dp5fd3z4gh55fa-git-lfs-3.3.0"}, "startTime": 0, "stopTime": 0}]');
INSERT INTO nixpkg_rev VALUES('gitui','32dcb45f66c0487e92db8303a798ebc548cadedc','[{"drvPath": "/nix/store/sqcbvqpfkn6mq84ag9wz574fb78rc497-gitui-0.23.0.drv", "outputs": {"out": "/nix/store/m0mrls2yzjk5mg09nm3i7cq8sqwplf93-gitui-0.23.0"}, "startTime": 0, "stopTime": 0}]');
INSERT INTO nixpkg_rev VALUES('gitui','3b79cc4bcd9c09b5aa68ea1957c25e437dc6bc58','[{"drvPath": "/nix/store/sqcbvqpfkn6mq84ag9wz574fb78rc497-gitui-0.23.0.drv", "outputs": {"out": "/nix/store/m0mrls2yzjk5mg09nm3i7cq8sqwplf93-gitui-0.23.0"}, "startTime": 0, "stopTime": 0}]');
INSERT INTO nixpkg_rev VALUES('gmic','32dcb45f66c0487e92db8303a798ebc548cadedc','[{"drvPath": "/nix/store/7dvgalcnq85ndim3c68aky161wnh2fcz-gmic-3.2.4.drv", "outputs": {"man": "/nix/store/mpqbjhi48g208jxzvaq0w3d1xp7m39q2-gmic-3.2.4-man", "out": "/nix/store/z45ka2cdhdidf3brhz7ylbkd4wdp9k34-gmic-3.2.4"}, "startTime": 0, "stopTime": 0}]');
INSERT INTO nixpkg_rev VALUES('gmic','3b79cc4bcd9c09b5aa68ea1957c25e437dc6bc58','[{"drvPath": "/nix/store/7dvgalcnq85ndim3c68aky161wnh2fcz-gmic-3.2.4.drv", "outputs": {"man": "/nix/store/mpqbjhi48g208jxzvaq0w3d1xp7m39q2-gmic-3.2.4-man", "out": "/nix/store/z45ka2cdhdidf3brhz7ylbkd4wdp9k34-gmic-3.2.4"}, "startTime": 0, "stopTime": 0}]');
INSERT INTO nixpkg_rev VALUES('gnupatch','32dcb45f66c0487e92db8303a798ebc548cadedc','[{"drvPath": "/nix/store/g91jc9f6d49hx3gzjr2z26xrcd3d29kf-patch-2.7.6.drv", "outputs": {"out": "/nix/store/0cw69kwj62xnid3bkcd3lylnwz7w6gn8-patch-2.7.6"}, "startTime": 0, "stopTime": 0}]');
INSERT INTO nixpkg_rev VALUES('gnupatch','3b79cc4bcd9c09b5aa68ea1957c25e437dc6bc58','[{"drvPath": "/nix/store/g91jc9f6d49hx3gzjr2z26xrcd3d29kf-patch-2.7.6.drv", "outputs": {"out": "/nix/store/0cw69kwj62xnid3bkcd3lylnwz7w6gn8-patch-2.7.6"}, "startTime": 0, "stopTime": 0}]');
INSERT INTO nixpkg_rev VALUES('graalvm-ce','32dcb45f66c0487e92db8303a798ebc548cadedc','[{"drvPath": "/nix/store/4ay2zzf1fxcjqim9di5f940a767bz0dh-graalvm11-ce-22.3.1.drv", "outputs": {"out": "/nix/store/w57g6vil7rd658zz3fw0f58if5d2i42n-graalvm11-ce-22.3.1"}, "startTime": 0, "stopTime": 0}]');
INSERT INTO nixpkg_rev VALUES('graalvm-ce','3b79cc4bcd9c09b5aa68ea1957c25e437dc6bc58','[{"drvPath": "/nix/store/4ay2zzf1fxcjqim9di5f940a767bz0dh-graalvm11-ce-22.3.1.drv", "outputs": {"out": "/nix/store/w57g6vil7rd658zz3fw0f58if5d2i42n-graalvm11-ce-22.3.1"}, "startTime": 0, "stopTime": 0}]');
INSERT INTO nixpkg_rev VALUES('graphviz','32dcb45f66c0487e92db8303a798ebc548cadedc','[{"drvPath": "/nix/store/n2b7plj590c0b8z2nm2g7s02442xf5yb-graphviz-7.1.0.drv", "outputs": {"out": "/nix/store/gh08grj1vyjlmp1pml2ag35yyz8dw8cg-graphviz-7.1.0"}, "startTime": 0, "stopTime": 0}]');
INSERT INTO nixpkg_rev VALUES('graphviz','3b79cc4bcd9c09b5aa68ea1957c25e437dc6bc58','[{"drvPath": "/nix/store/n2b7plj590c0b8z2nm2g7s02442xf5yb-graphviz-7.1.0.drv", "outputs": {"out": "/nix/store/gh08grj1vyjlmp1pml2ag35yyz8dw8cg-graphviz-7.1.0"}, "startTime": 0, "stopTime": 0}]');
INSERT INTO nixpkg_rev VALUES('haskellPackages.dhall','32dcb45f66c0487e92db8303a798ebc548cadedc','[{"drvPath": "/nix/store/aj8j4lv3ws0i93qgr1rjrxa7c8aw6wkr-dhall-1.41.2.drv", "outputs": {"out": "/nix/store/8qj06b21600l5ncp9j35y3sgxxa1yjgg-dhall-1.41.2"}, "startTime": 0, "stopTime": 0}]');
INSERT INTO nixpkg_rev VALUES('haskellPackages.dhall','3b79cc4bcd9c09b5aa68ea1957c25e437dc6bc58','[{"drvPath": "/nix/store/aj8j4lv3ws0i93qgr1rjrxa7c8aw6wkr-dhall-1.41.2.drv", "outputs": {"out": "/nix/store/8qj06b21600l5ncp9j35y3sgxxa1yjgg-dhall-1.41.2"}, "startTime": 0, "stopTime": 0}]');
INSERT INTO nixpkg_rev VALUES('haskellPackages.dhall-bash','32dcb45f66c0487e92db8303a798ebc548cadedc','[{"drvPath": "/nix/store/0brnhzgpj20y87mp162qpmi8arvlq1gz-dhall-bash-1.0.40.drv", "outputs": {"out": "/nix/store/x48p848yj2ny1asqy4h4rmmxl9i0s4y1-dhall-bash-1.0.40"}, "startTime": 0, "stopTime": 0}]');
INSERT INTO nixpkg_rev VALUES('haskellPackages.dhall-bash','3b79cc4bcd9c09b5aa68ea1957c25e437dc6bc58','[{"drvPath": "/nix/store/0brnhzgpj20y87mp162qpmi8arvlq1gz-dhall-bash-1.0.40.drv", "outputs": {"out": "/nix/store/x48p848yj2ny1asqy4h4rmmxl9i0s4y1-dhall-bash-1.0.40"}, "startTime": 0, "stopTime": 0}]');
INSERT INTO nixpkg_rev VALUES('haskellPackages.dhall-json','32dcb45f66c0487e92db8303a798ebc548cadedc','[{"drvPath": "/nix/store/gls1nsl70ax6rszlvbj5kixz8ks4a90f-dhall-json-1.7.11.drv", "outputs": {"out": "/nix/store/vylqw4h9b6j33dp4l34zf56ylxqklhgj-dhall-json-1.7.11"}, "startTime": 0, "stopTime": 0}]');
INSERT INTO nixpkg_rev VALUES('haskellPackages.dhall-json','3b79cc4bcd9c09b5aa68ea1957c25e437dc6bc58','[{"drvPath": "/nix/store/gls1nsl70ax6rszlvbj5kixz8ks4a90f-dhall-json-1.7.11.drv", "outputs": {"out": "/nix/store/vylqw4h9b6j33dp4l34zf56ylxqklhgj-dhall-json-1.7.11"}, "startTime": 0, "stopTime": 0}]');
INSERT INTO nixpkg_rev VALUES('kubectl','32dcb45f66c0487e92db8303a798ebc548cadedc','[{"drvPath": "/nix/store/k7cvhyyl38p73pyaaz9rqv3bcbr23ndg-kubectl-1.27.1.drv", "outputs": {"man": "/nix/store/0zn7nq1i9bp9cy7g75awp802mz8x4r17-kubectl-1.27.1-man", "out": "/nix/store/x52kdcp6d7b4mscgwzard9xp9j4ybr7v-kubectl-1.27.1"}, "startTime": 0, "stopTime": 0}]');
INSERT INTO nixpkg_rev VALUES('kubectl','3b79cc4bcd9c09b5aa68ea1957c25e437dc6bc58','[{"drvPath": "/nix/store/k7cvhyyl38p73pyaaz9rqv3bcbr23ndg-kubectl-1.27.1.drv", "outputs": {"man": "/nix/store/0zn7nq1i9bp9cy7g75awp802mz8x4r17-kubectl-1.27.1-man", "out": "/nix/store/x52kdcp6d7b4mscgwzard9xp9j4ybr7v-kubectl-1.27.1"}, "startTime": 0, "stopTime": 0}]');
INSERT INTO nixpkg_rev VALUES('libarchive','32dcb45f66c0487e92db8303a798ebc548cadedc','[{"drvPath": "/nix/store/g1ly8lmlj244nif4la0z0zw8p4wi0r2g-libarchive-3.6.2.drv", "outputs": {"out": "/nix/store/zzwm1rrdign5f94wsqwwgh8yzsziwz9b-libarchive-3.6.2"}, "startTime": 0, "stopTime": 0}]');
INSERT INTO nixpkg_rev VALUES('libarchive','3b79cc4bcd9c09b5aa68ea1957c25e437dc6bc58','[{"drvPath": "/nix/store/g1ly8lmlj244nif4la0z0zw8p4wi0r2g-libarchive-3.6.2.drv", "outputs": {"out": "/nix/store/zzwm1rrdign5f94wsqwwgh8yzsziwz9b-libarchive-3.6.2"}, "startTime": 0, "stopTime": 0}]');
INSERT INTO nixpkg_rev VALUES('libjxl','32dcb45f66c0487e92db8303a798ebc548cadedc','[{"drvPath": "/nix/store/wxnricarmi10x19yzn4xrr3rq2jyr7im-libjxl-0.8.2.drv", "outputs": {"out": "/nix/store/142g7bd9kvsva9vfixy6a79xfq2dzxs9-libjxl-0.8.2"}, "startTime": 0, "stopTime": 0}]');
INSERT INTO nixpkg_rev VALUES('libjxl','3b79cc4bcd9c09b5aa68ea1957c25e437dc6bc58','[{"drvPath": "/nix/store/wxnricarmi10x19yzn4xrr3rq2jyr7im-libjxl-0.8.2.drv", "outputs": {"out": "/nix/store/142g7bd9kvsva9vfixy6a79xfq2dzxs9-libjxl-0.8.2"}, "startTime": 0, "stopTime": 0}]');
INSERT INTO nixpkg_rev VALUES('libwebp','32dcb45f66c0487e92db8303a798ebc548cadedc','[{"drvPath": "/nix/store/r6j695w6cbvipqrbx6flz4dk0ka96vsl-libwebp-1.3.1.drv", "outputs": {"out": "/nix/store/x2l8fbmgvq26wm4b5pla0vf2b1j03syi-libwebp-1.3.1"}, "startTime": 0, "stopTime": 0}]');
INSERT INTO nixpkg_rev VALUES('libwebp','3b79cc4bcd9c09b5aa68ea1957c25e437dc6bc58','[{"drvPath": "/nix/store/r6j695w6cbvipqrbx6flz4dk0ka96vsl-libwebp-1.3.1.drv", "outputs": {"out": "/nix/store/x2l8fbmgvq26wm4b5pla0vf2b1j03syi-libwebp-1.3.1"}, "startTime": 0, "stopTime": 0}]');
INSERT INTO nixpkg_rev VALUES('lnav','32dcb45f66c0487e92db8303a798ebc548cadedc','[{"drvPath": "/nix/store/4r5a6ixpy0sma7ybnll82y4y36r5dpx1-lnav-0.11.1.drv", "outputs": {"out": "/nix/store/ks2dd89gskcwi8x45hvsrazjj1jjp4gl-lnav-0.11.1"}, "startTime": 0, "stopTime": 0}]');
INSERT INTO nixpkg_rev VALUES('lnav','3b79cc4bcd9c09b5aa68ea1957c25e437dc6bc58','[{"drvPath": "/nix/store/4r5a6ixpy0sma7ybnll82y4y36r5dpx1-lnav-0.11.1.drv", "outputs": {"out": "/nix/store/ks2dd89gskcwi8x45hvsrazjj1jjp4gl-lnav-0.11.1"}, "startTime": 0, "stopTime": 0}]');
INSERT INTO nixpkg_rev VALUES('lshw','32dcb45f66c0487e92db8303a798ebc548cadedc','[{"drvPath": "/nix/store/0ffi9xg49raab56iwhdpiilg678c1amk-lshw-02.19.drv", "outputs": {"out": "/nix/store/n9vgnrs8y858bhqf55kgdg4464ldk6yk-lshw-02.19"}, "startTime": 0, "stopTime": 0}]');
INSERT INTO nixpkg_rev VALUES('lshw','3b79cc4bcd9c09b5aa68ea1957c25e437dc6bc58','[{"drvPath": "/nix/store/0ffi9xg49raab56iwhdpiilg678c1amk-lshw-02.19.drv", "outputs": {"out": "/nix/store/n9vgnrs8y858bhqf55kgdg4464ldk6yk-lshw-02.19"}, "startTime": 0, "stopTime": 0}]');
INSERT INTO nixpkg_rev VALUES('maturin','32dcb45f66c0487e92db8303a798ebc548cadedc','[{"drvPath": "/nix/store/cl623hl55pjkdani231x8250d9j4yzws-maturin-0.14.17.drv", "outputs": {"out": "/nix/store/nix9fxyh1hw7gwlvc7wy4mi1wyxj1m72-maturin-0.14.17"}, "startTime": 0, "stopTime": 0}]');
INSERT INTO nixpkg_rev VALUES('maturin','3b79cc4bcd9c09b5aa68ea1957c25e437dc6bc58','[{"drvPath": "/nix/store/cl623hl55pjkdani231x8250d9j4yzws-maturin-0.14.17.drv", "outputs": {"out": "/nix/store/nix9fxyh1hw7gwlvc7wy4mi1wyxj1m72-maturin-0.14.17"}, "startTime": 0, "stopTime": 0}]');
INSERT INTO nixpkg_rev VALUES('miniupnpc','32dcb45f66c0487e92db8303a798ebc548cadedc','[{"drvPath": "/nix/store/zp3n8c5rgzfqyy3xdaxcksa9fi8rmmbv-miniupnpc-2.2.4.drv", "outputs": {"out": "/nix/store/mc2jjqzhpgnckrfqnmnajvni4f8hqnv1-miniupnpc-2.2.4"}, "startTime": 0, "stopTime": 0}]');
INSERT INTO nixpkg_rev VALUES('miniupnpc','3b79cc4bcd9c09b5aa68ea1957c25e437dc6bc58','[{"drvPath": "/nix/store/zp3n8c5rgzfqyy3xdaxcksa9fi8rmmbv-miniupnpc-2.2.4.drv", "outputs": {"out": "/nix/store/mc2jjqzhpgnckrfqnmnajvni4f8hqnv1-miniupnpc-2.2.4"}, "startTime": 0, "stopTime": 0}]');
INSERT INTO nixpkg_rev VALUES('mpvpaper','32dcb45f66c0487e92db8303a798ebc548cadedc','[{"drvPath": "/nix/store/kd3n39phc5lzrbnlsx2bxws6cmv6xcwa-mpvpaper-1.3.drv", "outputs": {"out": "/nix/store/qyw3k9yqsp0k59ggr5bbilaadbsnc4bn-mpvpaper-1.3"}, "startTime": 0, "stopTime": 0}]');
INSERT INTO nixpkg_rev VALUES('mpvpaper','3b79cc4bcd9c09b5aa68ea1957c25e437dc6bc58','[{"drvPath": "/nix/store/kd3n39phc5lzrbnlsx2bxws6cmv6xcwa-mpvpaper-1.3.drv", "outputs": {"out": "/nix/store/qyw3k9yqsp0k59ggr5bbilaadbsnc4bn-mpvpaper-1.3"}, "startTime": 0, "stopTime": 0}]');
INSERT INTO nixpkg_rev VALUES('mypy','32dcb45f66c0487e92db8303a798ebc548cadedc','[{"drvPath": "/nix/store/28kk2i4qwiwrg3jwmsh4x98q4cxbd5d7-python3.10-mypy-1.0.1.drv", "outputs": {"out": "/nix/store/cxs8hr7hi6dq1jz83aid6lvdc1msdiy3-python3.10-mypy-1.0.1"}, "startTime": 0, "stopTime": 0}]');
INSERT INTO nixpkg_rev VALUES('mypy','3b79cc4bcd9c09b5aa68ea1957c25e437dc6bc58','[{"drvPath": "/nix/store/28kk2i4qwiwrg3jwmsh4x98q4cxbd5d7-python3.10-mypy-1.0.1.drv", "outputs": {"out": "/nix/store/cxs8hr7hi6dq1jz83aid6lvdc1msdiy3-python3.10-mypy-1.0.1"}, "startTime": 0, "stopTime": 0}]');
INSERT INTO nixpkg_rev VALUES('ncdu','32dcb45f66c0487e92db8303a798ebc548cadedc','[{"drvPath": "/nix/store/v0p629vdwkvnn2vlpg6dzg0mlpcllyai-ncdu-2.2.2.drv", "outputs": {"out": "/nix/store/47s0l1bc9hbfp7a3fnngvbzbmw276p90-ncdu-2.2.2"}, "startTime": 0, "stopTime": 0}]');
INSERT INTO nixpkg_rev VALUES('ncdu','3b79cc4bcd9c09b5aa68ea1957c25e437dc6bc58','[{"drvPath": "/nix/store/v0p629vdwkvnn2vlpg6dzg0mlpcllyai-ncdu-2.2.2.drv", "outputs": {"out": "/nix/store/47s0l1bc9hbfp7a3fnngvbzbmw276p90-ncdu-2.2.2"}, "startTime": 0, "stopTime": 0}]');
INSERT INTO nixpkg_rev VALUES('networkmanager','32dcb45f66c0487e92db8303a798ebc548cadedc','[{"drvPath": "/nix/store/3vh45q5v0wxj2g1viyikavsx6wkx5wji-networkmanager-1.42.8.drv", "outputs": {"man": "/nix/store/gbcip5pi48hkmm3lrq7cmqcywxj4am6a-networkmanager-1.42.8-man", "out": "/nix/store/jjnwy5hcm2nman8979nb2kqj4qs658wz-networkmanager-1.42.8"}, "startTime": 0, "stopTime": 0}]');
INSERT INTO nixpkg_rev VALUES('networkmanager','3b79cc4bcd9c09b5aa68ea1957c25e437dc6bc58','[{"drvPath": "/nix/store/3vh45q5v0wxj2g1viyikavsx6wkx5wji-networkmanager-1.42.8.drv", "outputs": {"man": "/nix/store/gbcip5pi48hkmm3lrq7cmqcywxj4am6a-networkmanager-1.42.8-man", "out": "/nix/store/jjnwy5hcm2nman8979nb2kqj4qs658wz-networkmanager-1.42.8"}, "startTime": 0, "stopTime": 0}]');
INSERT INTO nixpkg_rev VALUES('nix-bundle','32dcb45f66c0487e92db8303a798ebc548cadedc','[{"drvPath": "/nix/store/4qvsh07larrswhrvmm3rl0r8aj495gbz-nix-bundle-0.4.1.drv", "outputs": {"out": "/nix/store/kxwyi3kdj261522p4dm9jkpacq7x57rr-nix-bundle-0.4.1"}, "startTime": 0, "stopTime": 0}]');
INSERT INTO nixpkg_rev VALUES('nix-bundle','3b79cc4bcd9c09b5aa68ea1957c25e437dc6bc58','[{"drvPath": "/nix/store/4qvsh07larrswhrvmm3rl0r8aj495gbz-nix-bundle-0.4.1.drv", "outputs": {"out": "/nix/store/kxwyi3kdj261522p4dm9jkpacq7x57rr-nix-bundle-0.4.1"}, "startTime": 0, "stopTime": 0}]');
INSERT INTO nixpkg_rev VALUES('nix-index','32dcb45f66c0487e92db8303a798ebc548cadedc','[{"drvPath": "/nix/store/gry67c1mjw92fsbalrpzsfgawywqmzh7-nix-index-0.1.5.drv", "outputs": {"out": "/nix/store/r9wganc67vkzi2g1kf3xlq4fld87q96a-nix-index-0.1.5"}, "startTime": 0, "stopTime": 0}]');
INSERT INTO nixpkg_rev VALUES('nix-index','3b79cc4bcd9c09b5aa68ea1957c25e437dc6bc58','[{"drvPath": "/nix/store/gry67c1mjw92fsbalrpzsfgawywqmzh7-nix-index-0.1.5.drv", "outputs": {"out": "/nix/store/r9wganc67vkzi2g1kf3xlq4fld87q96a-nix-index-0.1.5"}, "startTime": 0, "stopTime": 0}]');
INSERT INTO nixpkg_rev VALUES('nix-tree','32dcb45f66c0487e92db8303a798ebc548cadedc','[{"drvPath": "/nix/store/x248119q5q37dp4kyqp3ylx0zh2fpj24-nix-tree-0.3.1.drv", "outputs": {"out": "/nix/store/jlrgna775daihx2bpx4a23p1m9pjxpa4-nix-tree-0.3.1"}, "startTime": 0, "stopTime": 0}]');
INSERT INTO nixpkg_rev VALUES('nix-tree','3b79cc4bcd9c09b5aa68ea1957c25e437dc6bc58','[{"drvPath": "/nix/store/x248119q5q37dp4kyqp3ylx0zh2fpj24-nix-tree-0.3.1.drv", "outputs": {"out": "/nix/store/jlrgna775daihx2bpx4a23p1m9pjxpa4-nix-tree-0.3.1"}, "startTime": 0, "stopTime": 0}]');
INSERT INTO nixpkg_rev VALUES('nodePackages.pyright','32dcb45f66c0487e92db8303a798ebc548cadedc','[{"drvPath": "/nix/store/2iwkdqvbndmhbab7xx7kdwrmbnmbp539-pyright-1.1.309.drv", "outputs": {"out": "/nix/store/30lhrlnz447c8hvfqvaaspijl68n5qd0-pyright-1.1.309"}, "startTime": 0, "stopTime": 0}]');
INSERT INTO nixpkg_rev VALUES('nodePackages.pyright','3b79cc4bcd9c09b5aa68ea1957c25e437dc6bc58','[{"drvPath": "/nix/store/2iwkdqvbndmhbab7xx7kdwrmbnmbp539-pyright-1.1.309.drv", "outputs": {"out": "/nix/store/30lhrlnz447c8hvfqvaaspijl68n5qd0-pyright-1.1.309"}, "startTime": 0, "stopTime": 0}]');
INSERT INTO nixpkg_rev VALUES('oath-toolkit','32dcb45f66c0487e92db8303a798ebc548cadedc','[{"drvPath": "/nix/store/y9bnb629r1v195dhjav04dvwbx3a6vpa-oath-toolkit-2.6.7.drv", "outputs": {"out": "/nix/store/y1giyhmmkspzp0d98kahfprj9ydq7y50-oath-toolkit-2.6.7"}, "startTime": 0, "stopTime": 0}]');
INSERT INTO nixpkg_rev VALUES('oath-toolkit','3b79cc4bcd9c09b5aa68ea1957c25e437dc6bc58','[{"drvPath": "/nix/store/y9bnb629r1v195dhjav04dvwbx3a6vpa-oath-toolkit-2.6.7.drv", "outputs": {"out": "/nix/store/y1giyhmmkspzp0d98kahfprj9ydq7y50-oath-toolkit-2.6.7"}, "startTime": 0, "stopTime": 0}]');
INSERT INTO nixpkg_rev VALUES('openldap','32dcb45f66c0487e92db8303a798ebc548cadedc','[{"drvPath": "/nix/store/b88ynfl20q4y8yqvmpy11asajjqpv38c-openldap-2.6.4.drv", "outputs": {"man": "/nix/store/4rlgnsiax5fli66a5d13vd7l6k4kh2lg-openldap-2.6.4-man", "out": "/nix/store/f8zyag9rmwfgmrv8anfwljxqrg1qyhaw-openldap-2.6.4"}, "startTime": 0, "stopTime": 0}]');
INSERT INTO nixpkg_rev VALUES('openldap','3b79cc4bcd9c09b5aa68ea1957c25e437dc6bc58','[{"drvPath": "/nix/store/b88ynfl20q4y8yqvmpy11asajjqpv38c-openldap-2.6.4.drv", "outputs": {"man": "/nix/store/4rlgnsiax5fli66a5d13vd7l6k4kh2lg-openldap-2.6.4-man", "out": "/nix/store/f8zyag9rmwfgmrv8anfwljxqrg1qyhaw-openldap-2.6.4"}, "startTime": 0, "stopTime": 0}]');
INSERT INTO nixpkg_rev VALUES('openssl','32dcb45f66c0487e92db8303a798ebc548cadedc','[{"drvPath": "/nix/store/nvk7rs7ndbz9hyv1fnk7s633q5zxyan0-openssl-3.0.10.drv", "outputs": {"bin": "/nix/store/5x0cf6xglh7h6qszkflll6fspgl39jrb-openssl-3.0.10-bin", "man": "/nix/store/3hils5i5nm29z5cha86wqkyizlbfvx1s-openssl-3.0.10-man"}, "startTime": 0, "stopTime": 0}]');
INSERT INTO nixpkg_rev VALUES('openssl','3b79cc4bcd9c09b5aa68ea1957c25e437dc6bc58','[{"drvPath": "/nix/store/nvk7rs7ndbz9hyv1fnk7s633q5zxyan0-openssl-3.0.10.drv", "outputs": {"bin": "/nix/store/5x0cf6xglh7h6qszkflll6fspgl39jrb-openssl-3.0.10-bin", "man": "/nix/store/3hils5i5nm29z5cha86wqkyizlbfvx1s-openssl-3.0.10-man"}, "startTime": 0, "stopTime": 0}]');
INSERT INTO nixpkg_rev VALUES('overmind','32dcb45f66c0487e92db8303a798ebc548cadedc','[{"drvPath": "/nix/store/3w4vhzmkgqvq6c83ivq851kglvw219mw-overmind-2.4.0.drv", "outputs": {"out": "/nix/store/4fygi2xp6rq13k489pkjxvc0ndv9hqrf-overmind-2.4.0"}, "startTime": 0, "stopTime": 0}]');
INSERT INTO nixpkg_rev VALUES('overmind','3b79cc4bcd9c09b5aa68ea1957c25e437dc6bc58','[{"drvPath": "/nix/store/3w4vhzmkgqvq6c83ivq851kglvw219mw-overmind-2.4.0.drv", "outputs": {"out": "/nix/store/4fygi2xp6rq13k489pkjxvc0ndv9hqrf-overmind-2.4.0"}, "startTime": 0, "stopTime": 0}]');
INSERT INTO nixpkg_rev VALUES('parallel','32dcb45f66c0487e92db8303a798ebc548cadedc','[{"drvPath": "/nix/store/rjm1ij5slp58i45b1rhyhhc6291nr6yv-parallel-20230422.drv", "outputs": {"man": "/nix/store/nbwriqcnpglv6n1i7zpdn9qlrpf25xfm-parallel-20230422-man", "out": "/nix/store/jf7g0bhcfm0lvkk4yj5716l2nqsg525i-parallel-20230422"}, "startTime": 0, "stopTime": 0}]');
INSERT INTO nixpkg_rev VALUES('parallel','3b79cc4bcd9c09b5aa68ea1957c25e437dc6bc58','[{"drvPath": "/nix/store/rjm1ij5slp58i45b1rhyhhc6291nr6yv-parallel-20230422.drv", "outputs": {"man": "/nix/store/nbwriqcnpglv6n1i7zpdn9qlrpf25xfm-parallel-20230422-man", "out": "/nix/store/jf7g0bhcfm0lvkk4yj5716l2nqsg525i-parallel-20230422"}, "startTime": 0, "stopTime": 0}]');
INSERT INTO nixpkg_rev VALUES('pipectl','32dcb45f66c0487e92db8303a798ebc548cadedc','[{"drvPath": "/nix/store/fvhv45lh2fw8c5k5xpz5ss58xkzk6igf-pipectl-0.4.1.drv", "outputs": {"out": "/nix/store/d2i4kyh4m2bbmspkinnhi2a4ndsx2rv5-pipectl-0.4.1"}, "startTime": 0, "stopTime": 0}]');
INSERT INTO nixpkg_rev VALUES('pipectl','3b79cc4bcd9c09b5aa68ea1957c25e437dc6bc58','[{"drvPath": "/nix/store/fvhv45lh2fw8c5k5xpz5ss58xkzk6igf-pipectl-0.4.1.drv", "outputs": {"out": "/nix/store/d2i4kyh4m2bbmspkinnhi2a4ndsx2rv5-pipectl-0.4.1"}, "startTime": 0, "stopTime": 0}]');
INSERT INTO nixpkg_rev VALUES('pipx','32dcb45f66c0487e92db8303a798ebc548cadedc','[{"drvPath": "/nix/store/c6r2ff3v02nc364plviirf5d54psj14y-python3.10-pipx-1.2.0.drv", "outputs": {"out": "/nix/store/p5jjmi3nkgvib1s2a963zqwm69z34xlx-python3.10-pipx-1.2.0"}, "startTime": 0, "stopTime": 0}]');
INSERT INTO nixpkg_rev VALUES('pipx','3b79cc4bcd9c09b5aa68ea1957c25e437dc6bc58','[{"drvPath": "/nix/store/c6r2ff3v02nc364plviirf5d54psj14y-python3.10-pipx-1.2.0.drv", "outputs": {"out": "/nix/store/p5jjmi3nkgvib1s2a963zqwm69z34xlx-python3.10-pipx-1.2.0"}, "startTime": 0, "stopTime": 0}]');
INSERT INTO nixpkg_rev VALUES('playerctl','32dcb45f66c0487e92db8303a798ebc548cadedc','[{"drvPath": "/nix/store/f47hz183gqpzw38saf2bg95q6p6ghirk-playerctl-2.4.1.drv", "outputs": {"out": "/nix/store/6yc2fk5gq1w1cwzr4dpyr9v5nvg1l6bd-playerctl-2.4.1"}, "startTime": 0, "stopTime": 0}]');
INSERT INTO nixpkg_rev VALUES('playerctl','3b79cc4bcd9c09b5aa68ea1957c25e437dc6bc58','[{"drvPath": "/nix/store/f47hz183gqpzw38saf2bg95q6p6ghirk-playerctl-2.4.1.drv", "outputs": {"out": "/nix/store/6yc2fk5gq1w1cwzr4dpyr9v5nvg1l6bd-playerctl-2.4.1"}, "startTime": 0, "stopTime": 0}]');
INSERT INTO nixpkg_rev VALUES('poppler_utils','32dcb45f66c0487e92db8303a798ebc548cadedc','[{"drvPath": "/nix/store/myjl7c3llykqz1jxw9nclf469wb5lg72-poppler-utils-23.02.0.drv", "outputs": {"out": "/nix/store/2mvbb7633mkss5f76pmdf9333a02lvdn-poppler-utils-23.02.0"}, "startTime": 0, "stopTime": 0}]');
INSERT INTO nixpkg_rev VALUES('poppler_utils','3b79cc4bcd9c09b5aa68ea1957c25e437dc6bc58','[{"drvPath": "/nix/store/myjl7c3llykqz1jxw9nclf469wb5lg72-poppler-utils-23.02.0.drv", "outputs": {"out": "/nix/store/2mvbb7633mkss5f76pmdf9333a02lvdn-poppler-utils-23.02.0"}, "startTime": 0, "stopTime": 0}]');
INSERT INTO nixpkg_rev VALUES('progress','32dcb45f66c0487e92db8303a798ebc548cadedc','[{"drvPath": "/nix/store/7qmpdw40mrkasdzxa7xpg2if5xb36d4d-progress-0.16.drv", "outputs": {"out": "/nix/store/fajvf740y21xq0vikdv3mjcxj8qm3qil-progress-0.16"}, "startTime": 0, "stopTime": 0}]');
INSERT INTO nixpkg_rev VALUES('progress','3b79cc4bcd9c09b5aa68ea1957c25e437dc6bc58','[{"drvPath": "/nix/store/7qmpdw40mrkasdzxa7xpg2if5xb36d4d-progress-0.16.drv", "outputs": {"out": "/nix/store/fajvf740y21xq0vikdv3mjcxj8qm3qil-progress-0.16"}, "startTime": 0, "stopTime": 0}]');
INSERT INTO nixpkg_rev VALUES('pv','32dcb45f66c0487e92db8303a798ebc548cadedc','[{"drvPath": "/nix/store/gwnwxhbkcjmdbmpgmq22c4mzb43fsf4v-pv-1.6.20.drv", "outputs": {"out": "/nix/store/vxq7rv2dlszyazx77i11xy3r0b4fpk0b-pv-1.6.20"}, "startTime": 0, "stopTime": 0}]');
INSERT INTO nixpkg_rev VALUES('pv','3b79cc4bcd9c09b5aa68ea1957c25e437dc6bc58','[{"drvPath": "/nix/store/gwnwxhbkcjmdbmpgmq22c4mzb43fsf4v-pv-1.6.20.drv", "outputs": {"out": "/nix/store/vxq7rv2dlszyazx77i11xy3r0b4fpk0b-pv-1.6.20"}, "startTime": 0, "stopTime": 0}]');
INSERT INTO nixpkg_rev VALUES('python311Packages.zfec','32dcb45f66c0487e92db8303a798ebc548cadedc','[{"drvPath": "/nix/store/r8hky2q6w9916rf1qgpkhpc9qvr9vh29-python3.11-zfec-1.5.7.2.drv", "outputs": {"out": "/nix/store/iiy3jz7jrxb87ly9z819l7nzbwasbn5g-python3.11-zfec-1.5.7.2"}, "startTime": 0, "stopTime": 0}]');
INSERT INTO nixpkg_rev VALUES('python311Packages.zfec','3b79cc4bcd9c09b5aa68ea1957c25e437dc6bc58','[{"drvPath": "/nix/store/r8hky2q6w9916rf1qgpkhpc9qvr9vh29-python3.11-zfec-1.5.7.2.drv", "outputs": {"out": "/nix/store/iiy3jz7jrxb87ly9z819l7nzbwasbn5g-python3.11-zfec-1.5.7.2"}, "startTime": 0, "stopTime": 0}]');
INSERT INTO nixpkg_rev VALUES('rancher','32dcb45f66c0487e92db8303a798ebc548cadedc','[{"drvPath": "/nix/store/9myz1w92zjx1q7j48xb05j2shpyv6l04-rancher-2.7.0.drv", "outputs": {"out": "/nix/store/h7g47b5x984yhmd02anj1b0xc82vmjf1-rancher-2.7.0"}, "startTime": 0, "stopTime": 0}]');
INSERT INTO nixpkg_rev VALUES('rancher','3b79cc4bcd9c09b5aa68ea1957c25e437dc6bc58','[{"drvPath": "/nix/store/9myz1w92zjx1q7j48xb05j2shpyv6l04-rancher-2.7.0.drv", "outputs": {"out": "/nix/store/h7g47b5x984yhmd02anj1b0xc82vmjf1-rancher-2.7.0"}, "startTime": 0, "stopTime": 0}]');
INSERT INTO nixpkg_rev VALUES('rclone','32dcb45f66c0487e92db8303a798ebc548cadedc','[{"drvPath": "/nix/store/dk1ncsxdpc145vj83yv69sjv332phhvr-rclone-1.62.2.drv", "outputs": {"man": "/nix/store/6n05r1241i71cdsddmsi5vzbf9lykngp-rclone-1.62.2-man", "out": "/nix/store/lqcsqpq7j6incicgjf1bxv1mj1jpxzvx-rclone-1.62.2"}, "startTime": 0, "stopTime": 0}]');
INSERT INTO nixpkg_rev VALUES('rclone','3b79cc4bcd9c09b5aa68ea1957c25e437dc6bc58','[{"drvPath": "/nix/store/dk1ncsxdpc145vj83yv69sjv332phhvr-rclone-1.62.2.drv", "outputs": {"man": "/nix/store/6n05r1241i71cdsddmsi5vzbf9lykngp-rclone-1.62.2-man", "out": "/nix/store/lqcsqpq7j6incicgjf1bxv1mj1jpxzvx-rclone-1.62.2"}, "startTime": 0, "stopTime": 0}]');
INSERT INTO nixpkg_rev VALUES('rfc','32dcb45f66c0487e92db8303a798ebc548cadedc','[{"drvPath": "/nix/store/7qzdrbx7wf8wlk67ppv5qpldsgqnkgln-rfc-0.2.6.drv", "outputs": {"out": "/nix/store/llv2r0jdwwcllvm2pys0gh2s229mgfr4-rfc-0.2.6"}, "startTime": 0, "stopTime": 0}]');
INSERT INTO nixpkg_rev VALUES('rfc','3b79cc4bcd9c09b5aa68ea1957c25e437dc6bc58','[{"drvPath": "/nix/store/7qzdrbx7wf8wlk67ppv5qpldsgqnkgln-rfc-0.2.6.drv", "outputs": {"out": "/nix/store/llv2r0jdwwcllvm2pys0gh2s229mgfr4-rfc-0.2.6"}, "startTime": 0, "stopTime": 0}]');
INSERT INTO nixpkg_rev VALUES('roc-toolkit','32dcb45f66c0487e92db8303a798ebc548cadedc','[{"drvPath": "/nix/store/3n1w9h7g88478sf2ik2w4809yqy3l0bm-roc-toolkit-0.2.3.drv", "outputs": {"out": "/nix/store/3sppw8f0pksz5iiml83hdvmk9hm1wcbn-roc-toolkit-0.2.3"}, "startTime": 0, "stopTime": 0}]');
INSERT INTO nixpkg_rev VALUES('roc-toolkit','3b79cc4bcd9c09b5aa68ea1957c25e437dc6bc58','[{"drvPath": "/nix/store/3n1w9h7g88478sf2ik2w4809yqy3l0bm-roc-toolkit-0.2.3.drv", "outputs": {"out": "/nix/store/3sppw8f0pksz5iiml83hdvmk9hm1wcbn-roc-toolkit-0.2.3"}, "startTime": 0, "stopTime": 0}]');
INSERT INTO nixpkg_rev VALUES('ruff','32dcb45f66c0487e92db8303a798ebc548cadedc','[{"drvPath": "/nix/store/ry3f882ipknx9mvi2paqi6kfh96fdpsc-ruff-0.0.269.drv", "outputs": {"out": "/nix/store/k9a03q30jyhc9cghj6q2bgaig2gsgqbz-ruff-0.0.269"}, "startTime": 0, "stopTime": 0}]');
INSERT INTO nixpkg_rev VALUES('ruff','3b79cc4bcd9c09b5aa68ea1957c25e437dc6bc58','[{"drvPath": "/nix/store/ry3f882ipknx9mvi2paqi6kfh96fdpsc-ruff-0.0.269.drv", "outputs": {"out": "/nix/store/k9a03q30jyhc9cghj6q2bgaig2gsgqbz-ruff-0.0.269"}, "startTime": 0, "stopTime": 0}]');
INSERT INTO nixpkg_rev VALUES('shellcheck','32dcb45f66c0487e92db8303a798ebc548cadedc','[{"drvPath": "/nix/store/afrv7qwa41d3jnv61mifcggcxwaav1py-shellcheck-0.9.0.drv", "outputs": {"bin": "/nix/store/gaz50r8mc3vasijwpmn7jq92y50himfj-shellcheck-0.9.0-bin", "doc": "/nix/store/f30i3lb8azyp01nxmkyaj5prnm9ywazs-shellcheck-0.9.0-doc", "man": "/nix/store/5341a2yvii00hag10yf23x7z44c1xaw6-shellcheck-0.9.0-man"}, "startTime": 0, "stopTime": 0}]');
INSERT INTO nixpkg_rev VALUES('shellcheck','3b79cc4bcd9c09b5aa68ea1957c25e437dc6bc58','[{"drvPath": "/nix/store/afrv7qwa41d3jnv61mifcggcxwaav1py-shellcheck-0.9.0.drv", "outputs": {"bin": "/nix/store/gaz50r8mc3vasijwpmn7jq92y50himfj-shellcheck-0.9.0-bin", "doc": "/nix/store/f30i3lb8azyp01nxmkyaj5prnm9ywazs-shellcheck-0.9.0-doc", "man": "/nix/store/5341a2yvii00hag10yf23x7z44c1xaw6-shellcheck-0.9.0-man"}, "startTime": 0, "stopTime": 0}]');
INSERT INTO nixpkg_rev VALUES('shellharden','32dcb45f66c0487e92db8303a798ebc548cadedc','[{"drvPath": "/nix/store/7qm8z6k81zgyh4d959bn2i41ra683a6k-shellharden-4.3.0.drv", "outputs": {"out": "/nix/store/7d2pjr3al719kmac64r88dv2dvinkl97-shellharden-4.3.0"}, "startTime": 0, "stopTime": 0}]');
INSERT INTO nixpkg_rev VALUES('shellharden','3b79cc4bcd9c09b5aa68ea1957c25e437dc6bc58','[{"drvPath": "/nix/store/7qm8z6k81zgyh4d959bn2i41ra683a6k-shellharden-4.3.0.drv", "outputs": {"out": "/nix/store/7d2pjr3al719kmac64r88dv2dvinkl97-shellharden-4.3.0"}, "startTime": 0, "stopTime": 0}]');
INSERT INTO nixpkg_rev VALUES('shfmt','32dcb45f66c0487e92db8303a798ebc548cadedc','[{"drvPath": "/nix/store/waidh8183xwg0m5vjx2sa72yf50ciiyj-shfmt-3.6.0.drv", "outputs": {"out": "/nix/store/xq9n0z5b0v8nnxgii0jh4ry211irnvc5-shfmt-3.6.0"}, "startTime": 0, "stopTime": 0}]');
INSERT INTO nixpkg_rev VALUES('shfmt','3b79cc4bcd9c09b5aa68ea1957c25e437dc6bc58','[{"drvPath": "/nix/store/waidh8183xwg0m5vjx2sa72yf50ciiyj-shfmt-3.6.0.drv", "outputs": {"out": "/nix/store/xq9n0z5b0v8nnxgii0jh4ry211irnvc5-shfmt-3.6.0"}, "startTime": 0, "stopTime": 0}]');
INSERT INTO nixpkg_rev VALUES('sqlar','32dcb45f66c0487e92db8303a798ebc548cadedc','[{"drvPath": "/nix/store/r3hwf9z8wyq4v6scylrmifpil626i8sq-sqlar-2018-01-07.drv", "outputs": {"out": "/nix/store/kjy6524jlc4l28dv42fvga4346yvdmc9-sqlar-2018-01-07"}, "startTime": 0, "stopTime": 0}]');
INSERT INTO nixpkg_rev VALUES('sqlar','3b79cc4bcd9c09b5aa68ea1957c25e437dc6bc58','[{"drvPath": "/nix/store/r3hwf9z8wyq4v6scylrmifpil626i8sq-sqlar-2018-01-07.drv", "outputs": {"out": "/nix/store/kjy6524jlc4l28dv42fvga4346yvdmc9-sqlar-2018-01-07"}, "startTime": 0, "stopTime": 0}]');
INSERT INTO nixpkg_rev VALUES('sqldiff','32dcb45f66c0487e92db8303a798ebc548cadedc','[{"drvPath": "/nix/store/6r8pz30n82x8b0ahcx6jkapvsysk87vb-sqldiff-3.41.2.drv", "outputs": {"out": "/nix/store/qc0qh11lhl4sj6b2p1279rqmlqdnyapx-sqldiff-3.41.2"}, "startTime": 0, "stopTime": 0}]');
INSERT INTO nixpkg_rev VALUES('sqldiff','3b79cc4bcd9c09b5aa68ea1957c25e437dc6bc58','[{"drvPath": "/nix/store/6r8pz30n82x8b0ahcx6jkapvsysk87vb-sqldiff-3.41.2.drv", "outputs": {"out": "/nix/store/qc0qh11lhl4sj6b2p1279rqmlqdnyapx-sqldiff-3.41.2"}, "startTime": 0, "stopTime": 0}]');
INSERT INTO nixpkg_rev VALUES('sqlite-analyzer','32dcb45f66c0487e92db8303a798ebc548cadedc','[{"drvPath": "/nix/store/j3cwiymclwgq11vdciqsnjvd5y1pyh7k-sqlite-analyzer-3.41.2.drv", "outputs": {"out": "/nix/store/xin3lqc272aaszz43j7h26dph1imissm-sqlite-analyzer-3.41.2"}, "startTime": 0, "stopTime": 0}]');
INSERT INTO nixpkg_rev VALUES('sqlite-analyzer','3b79cc4bcd9c09b5aa68ea1957c25e437dc6bc58','[{"drvPath": "/nix/store/j3cwiymclwgq11vdciqsnjvd5y1pyh7k-sqlite-analyzer-3.41.2.drv", "outputs": {"out": "/nix/store/xin3lqc272aaszz43j7h26dph1imissm-sqlite-analyzer-3.41.2"}, "startTime": 0, "stopTime": 0}]');
INSERT INTO nixpkg_rev VALUES('sqlite-interactive','32dcb45f66c0487e92db8303a798ebc548cadedc','[{"drvPath": "/nix/store/yzqsgm174bsz0lnj47h556kw92ykj5c5-sqlite-interactive-3.41.2.drv", "outputs": {"bin": "/nix/store/hcl6i1gh0a079qywifd3acm3dyqaidnn-sqlite-interactive-3.41.2-bin"}, "startTime": 0, "stopTime": 0}]');
INSERT INTO nixpkg_rev VALUES('sqlite-interactive','3b79cc4bcd9c09b5aa68ea1957c25e437dc6bc58','[{"drvPath": "/nix/store/yzqsgm174bsz0lnj47h556kw92ykj5c5-sqlite-interactive-3.41.2.drv", "outputs": {"bin": "/nix/store/hcl6i1gh0a079qywifd3acm3dyqaidnn-sqlite-interactive-3.41.2-bin"}, "startTime": 0, "stopTime": 0}]');
INSERT INTO nixpkg_rev VALUES('squashfuse','32dcb45f66c0487e92db8303a798ebc548cadedc','[{"drvPath": "/nix/store/9ifz7gb5rlmrdga1ffszq5myqy9qpr6h-squashfuse-0.1.105.drv", "outputs": {"out": "/nix/store/2r13g6h8ky4568rjsv2vm7hrcjqfxf5y-squashfuse-0.1.105"}, "startTime": 0, "stopTime": 0}]');
INSERT INTO nixpkg_rev VALUES('squashfuse','3b79cc4bcd9c09b5aa68ea1957c25e437dc6bc58','[{"drvPath": "/nix/store/9ifz7gb5rlmrdga1ffszq5myqy9qpr6h-squashfuse-0.1.105.drv", "outputs": {"out": "/nix/store/2r13g6h8ky4568rjsv2vm7hrcjqfxf5y-squashfuse-0.1.105"}, "startTime": 0, "stopTime": 0}]');
INSERT INTO nixpkg_rev VALUES('syncthing','32dcb45f66c0487e92db8303a798ebc548cadedc','[{"drvPath": "/nix/store/h0j5l8hmz81mrrig837f02xszmdlihxq-syncthing-1.23.4.drv", "outputs": {"out": "/nix/store/200yz4z9jpj8da9k39bk4ddiz331iwbx-syncthing-1.23.4"}, "startTime": 0, "stopTime": 0}]');
INSERT INTO nixpkg_rev VALUES('syncthing','3b79cc4bcd9c09b5aa68ea1957c25e437dc6bc58','[{"drvPath": "/nix/store/h0j5l8hmz81mrrig837f02xszmdlihxq-syncthing-1.23.4.drv", "outputs": {"out": "/nix/store/200yz4z9jpj8da9k39bk4ddiz331iwbx-syncthing-1.23.4"}, "startTime": 0, "stopTime": 0}]');
INSERT INTO nixpkg_rev VALUES('sysstat','32dcb45f66c0487e92db8303a798ebc548cadedc','[{"drvPath": "/nix/store/2dm578yg5p3czv4pigjgpjbnff5qnk1h-sysstat-12.6.2.drv", "outputs": {"out": "/nix/store/95iynpjiz7n2whalj35nli1q0hx0n1qc-sysstat-12.6.2"}, "startTime": 0, "stopTime": 0}]');
INSERT INTO nixpkg_rev VALUES('sysstat','3b79cc4bcd9c09b5aa68ea1957c25e437dc6bc58','[{"drvPath": "/nix/store/2dm578yg5p3czv4pigjgpjbnff5qnk1h-sysstat-12.6.2.drv", "outputs": {"out": "/nix/store/95iynpjiz7n2whalj35nli1q0hx0n1qc-sysstat-12.6.2"}, "startTime": 0, "stopTime": 0}]');
INSERT INTO nixpkg_rev VALUES('tiptop','32dcb45f66c0487e92db8303a798ebc548cadedc','[{"drvPath": "/nix/store/vy93nxs40bhqxnfkwbr5xskwa1i2pzfc-tiptop-2.3.1.drv", "outputs": {"out": "/nix/store/qf2jqfdrjq9955n6qn17k63yvvsqqmlq-tiptop-2.3.1"}, "startTime": 0, "stopTime": 0}]');
INSERT INTO nixpkg_rev VALUES('tiptop','3b79cc4bcd9c09b5aa68ea1957c25e437dc6bc58','[{"drvPath": "/nix/store/vy93nxs40bhqxnfkwbr5xskwa1i2pzfc-tiptop-2.3.1.drv", "outputs": {"out": "/nix/store/qf2jqfdrjq9955n6qn17k63yvvsqqmlq-tiptop-2.3.1"}, "startTime": 0, "stopTime": 0}]');
INSERT INTO nixpkg_rev VALUES('tmux','32dcb45f66c0487e92db8303a798ebc548cadedc','[{"drvPath": "/nix/store/f9v2hkrsgklslb489d7bgzda7k9zz10z-tmux-3.3a.drv", "outputs": {"man": "/nix/store/rmxcyf0li7dsq57isa5c48fiq774dg4b-tmux-3.3a-man", "out": "/nix/store/qnqjcy7341wv33p3d7w22b7b0anh4c1m-tmux-3.3a"}, "startTime": 0, "stopTime": 0}]');
INSERT INTO nixpkg_rev VALUES('tmux','3b79cc4bcd9c09b5aa68ea1957c25e437dc6bc58','[{"drvPath": "/nix/store/f9v2hkrsgklslb489d7bgzda7k9zz10z-tmux-3.3a.drv", "outputs": {"man": "/nix/store/rmxcyf0li7dsq57isa5c48fiq774dg4b-tmux-3.3a-man", "out": "/nix/store/qnqjcy7341wv33p3d7w22b7b0anh4c1m-tmux-3.3a"}, "startTime": 0, "stopTime": 0}]');
INSERT INTO nixpkg_rev VALUES('transmission','32dcb45f66c0487e92db8303a798ebc548cadedc','[{"drvPath": "/nix/store/f3hlh3jc5plz4k0vsxb3cm3dgpkdca5r-transmission-3.00.drv", "outputs": {"out": "/nix/store/j65vjd34pwigwhz830w9bb7sidaa7xjf-transmission-3.00"}, "startTime": 0, "stopTime": 0}]');
INSERT INTO nixpkg_rev VALUES('transmission','3b79cc4bcd9c09b5aa68ea1957c25e437dc6bc58','[{"drvPath": "/nix/store/f3hlh3jc5plz4k0vsxb3cm3dgpkdca5r-transmission-3.00.drv", "outputs": {"out": "/nix/store/j65vjd34pwigwhz830w9bb7sidaa7xjf-transmission-3.00"}, "startTime": 0, "stopTime": 0}]');
INSERT INTO nixpkg_rev VALUES('unpaper','32dcb45f66c0487e92db8303a798ebc548cadedc','[{"drvPath": "/nix/store/50j3lfvbq4rfljn1ssfxyv42kh5jfjc9-unpaper-7.0.0.drv", "outputs": {"man": "/nix/store/azznp1gzkgm45bi8v9di0x8abvcl4sc4-unpaper-7.0.0-man", "out": "/nix/store/gainqpy0a2qmfh87pkvbgl0jz63rmqsc-unpaper-7.0.0"}, "startTime": 0, "stopTime": 0}]');
INSERT INTO nixpkg_rev VALUES('unpaper','3b79cc4bcd9c09b5aa68ea1957c25e437dc6bc58','[{"drvPath": "/nix/store/50j3lfvbq4rfljn1ssfxyv42kh5jfjc9-unpaper-7.0.0.drv", "outputs": {"man": "/nix/store/azznp1gzkgm45bi8v9di0x8abvcl4sc4-unpaper-7.0.0-man", "out": "/nix/store/gainqpy0a2qmfh87pkvbgl0jz63rmqsc-unpaper-7.0.0"}, "startTime": 0, "stopTime": 0}]');
INSERT INTO nixpkg_rev VALUES('vips','32dcb45f66c0487e92db8303a798ebc548cadedc','[{"drvPath": "/nix/store/sx53qsb3ardxyv53lfsn3qjsph5a34m6-vips-8.14.2.drv", "outputs": {"bin": "/nix/store/99nasps1dq42lhz4ppba2pf5zywqjl2c-vips-8.14.2-bin", "man": "/nix/store/fp71g8r4ksjj4bv1y2ah1lvvkcdsxal7-vips-8.14.2-man"}, "startTime": 0, "stopTime": 0}]');
INSERT INTO nixpkg_rev VALUES('vips','3b79cc4bcd9c09b5aa68ea1957c25e437dc6bc58','[{"drvPath": "/nix/store/sx53qsb3ardxyv53lfsn3qjsph5a34m6-vips-8.14.2.drv", "outputs": {"bin": "/nix/store/99nasps1dq42lhz4ppba2pf5zywqjl2c-vips-8.14.2-bin", "man": "/nix/store/fp71g8r4ksjj4bv1y2ah1lvvkcdsxal7-vips-8.14.2-man"}, "startTime": 0, "stopTime": 0}]');
INSERT INTO nixpkg_rev VALUES('wayland-utils','32dcb45f66c0487e92db8303a798ebc548cadedc','[{"drvPath": "/nix/store/20akkjkaqn52wj7n33xk0q04x47h99ym-wayland-utils-1.1.0.drv", "outputs": {"out": "/nix/store/qiy7kaqx0vnbnkkmr75c0bhjlc9c06cw-wayland-utils-1.1.0"}, "startTime": 0, "stopTime": 0}]');
INSERT INTO nixpkg_rev VALUES('wayland-utils','3b79cc4bcd9c09b5aa68ea1957c25e437dc6bc58','[{"drvPath": "/nix/store/20akkjkaqn52wj7n33xk0q04x47h99ym-wayland-utils-1.1.0.drv", "outputs": {"out": "/nix/store/qiy7kaqx0vnbnkkmr75c0bhjlc9c06cw-wayland-utils-1.1.0"}, "startTime": 0, "stopTime": 0}]');
INSERT INTO nixpkg_rev VALUES('waypipe','32dcb45f66c0487e92db8303a798ebc548cadedc','[{"drvPath": "/nix/store/b55m4lpq1civla21r1qsyyyzm3s6dfhn-waypipe-0.8.6.drv", "outputs": {"out": "/nix/store/ysydjk8aimw18dcqaa5as899i16zqbg7-waypipe-0.8.6"}, "startTime": 0, "stopTime": 0}]');
INSERT INTO nixpkg_rev VALUES('waypipe','3b79cc4bcd9c09b5aa68ea1957c25e437dc6bc58','[{"drvPath": "/nix/store/b55m4lpq1civla21r1qsyyyzm3s6dfhn-waypipe-0.8.6.drv", "outputs": {"out": "/nix/store/ysydjk8aimw18dcqaa5as899i16zqbg7-waypipe-0.8.6"}, "startTime": 0, "stopTime": 0}]');
INSERT INTO nixpkg_rev VALUES('wayvnc','32dcb45f66c0487e92db8303a798ebc548cadedc','[{"drvPath": "/nix/store/cmkj5q9sk25019c2hqgkvj58spl64n21-wayvnc-0.6.2.drv", "outputs": {"out": "/nix/store/6gfdw4g4hvr8af2hf1c6lgrvsf8xv2sq-wayvnc-0.6.2"}, "startTime": 0, "stopTime": 0}]');
INSERT INTO nixpkg_rev VALUES('wayvnc','3b79cc4bcd9c09b5aa68ea1957c25e437dc6bc58','[{"drvPath": "/nix/store/cmkj5q9sk25019c2hqgkvj58spl64n21-wayvnc-0.6.2.drv", "outputs": {"out": "/nix/store/6gfdw4g4hvr8af2hf1c6lgrvsf8xv2sq-wayvnc-0.6.2"}, "startTime": 0, "stopTime": 0}]');
INSERT INTO nixpkg_rev VALUES('wdomirror','32dcb45f66c0487e92db8303a798ebc548cadedc','[{"drvPath": "/nix/store/awsxin3n4v20kykzy7da24hjxqhgpvig-wdomirror-unstable-2021-01-08.drv", "outputs": {"out": "/nix/store/2zpc3iv1rn74vrpwym21lh3qdqlkv09z-wdomirror-unstable-2021-01-08"}, "startTime": 0, "stopTime": 0}]');
INSERT INTO nixpkg_rev VALUES('wdomirror','3b79cc4bcd9c09b5aa68ea1957c25e437dc6bc58','[{"drvPath": "/nix/store/awsxin3n4v20kykzy7da24hjxqhgpvig-wdomirror-unstable-2021-01-08.drv", "outputs": {"out": "/nix/store/2zpc3iv1rn74vrpwym21lh3qdqlkv09z-wdomirror-unstable-2021-01-08"}, "startTime": 0, "stopTime": 0}]');
INSERT INTO nixpkg_rev VALUES('wev','32dcb45f66c0487e92db8303a798ebc548cadedc','[{"drvPath": "/nix/store/zd6c0q0y1cl5hbk47jiwzq7ari83v3az-wev-1.0.0.drv", "outputs": {"out": "/nix/store/c2bgsn0k593knd0224l3kis0b4mh6g21-wev-1.0.0"}, "startTime": 0, "stopTime": 0}]');
INSERT INTO nixpkg_rev VALUES('wev','3b79cc4bcd9c09b5aa68ea1957c25e437dc6bc58','[{"drvPath": "/nix/store/zd6c0q0y1cl5hbk47jiwzq7ari83v3az-wev-1.0.0.drv", "outputs": {"out": "/nix/store/c2bgsn0k593knd0224l3kis0b4mh6g21-wev-1.0.0"}, "startTime": 0, "stopTime": 0}]');
INSERT INTO nixpkg_rev VALUES('wf-recorder','32dcb45f66c0487e92db8303a798ebc548cadedc','[{"drvPath": "/nix/store/a0hz87d68p5izia5abf67v3143l0s6xb-wf-recorder-0.3.0.drv", "outputs": {"out": "/nix/store/mhq6xzl8j30qbaf9wb8bpmzpbm9lariv-wf-recorder-0.3.0"}, "startTime": 0, "stopTime": 0}]');
INSERT INTO nixpkg_rev VALUES('wf-recorder','3b79cc4bcd9c09b5aa68ea1957c25e437dc6bc58','[{"drvPath": "/nix/store/a0hz87d68p5izia5abf67v3143l0s6xb-wf-recorder-0.3.0.drv", "outputs": {"out": "/nix/store/mhq6xzl8j30qbaf9wb8bpmzpbm9lariv-wf-recorder-0.3.0"}, "startTime": 0, "stopTime": 0}]');
INSERT INTO nixpkg_rev VALUES('wl-clipboard','32dcb45f66c0487e92db8303a798ebc548cadedc','[{"drvPath": "/nix/store/40jqrwi80cs7ik02dbx2p58xzansxc5x-wl-clipboard-2.1.0.drv", "outputs": {"out": "/nix/store/d5c7vpsm6kra3g5v75f7kn5j5ra94dc5-wl-clipboard-2.1.0"}, "startTime": 0, "stopTime": 0}]');
INSERT INTO nixpkg_rev VALUES('wl-clipboard','3b79cc4bcd9c09b5aa68ea1957c25e437dc6bc58','[{"drvPath": "/nix/store/40jqrwi80cs7ik02dbx2p58xzansxc5x-wl-clipboard-2.1.0.drv", "outputs": {"out": "/nix/store/d5c7vpsm6kra3g5v75f7kn5j5ra94dc5-wl-clipboard-2.1.0"}, "startTime": 0, "stopTime": 0}]');
INSERT INTO nixpkg_rev VALUES('wl-mirror','32dcb45f66c0487e92db8303a798ebc548cadedc','[{"drvPath": "/nix/store/i39q8brq18pyd6zpa74fwglzdyanp1sd-wl-mirror-0.13.1.drv", "outputs": {"out": "/nix/store/jafs8pp2cnnawk9bdbi8ypyg51b4nmw4-wl-mirror-0.13.1"}, "startTime": 0, "stopTime": 0}]');
INSERT INTO nixpkg_rev VALUES('wl-mirror','3b79cc4bcd9c09b5aa68ea1957c25e437dc6bc58','[{"drvPath": "/nix/store/i39q8brq18pyd6zpa74fwglzdyanp1sd-wl-mirror-0.13.1.drv", "outputs": {"out": "/nix/store/jafs8pp2cnnawk9bdbi8ypyg51b4nmw4-wl-mirror-0.13.1"}, "startTime": 0, "stopTime": 0}]');
INSERT INTO nixpkg_rev VALUES('wlrctl','32dcb45f66c0487e92db8303a798ebc548cadedc','[{"drvPath": "/nix/store/na5ma7sj593lbxkck4n8pr5pnihwz5nx-wlrctl-0.2.1.drv", "outputs": {"out": "/nix/store/0003bvbqw19lmkigi6y1qpslxkaldsg0-wlrctl-0.2.1"}, "startTime": 0, "stopTime": 0}]');
INSERT INTO nixpkg_rev VALUES('wlrctl','3b79cc4bcd9c09b5aa68ea1957c25e437dc6bc58','[{"drvPath": "/nix/store/na5ma7sj593lbxkck4n8pr5pnihwz5nx-wlrctl-0.2.1.drv", "outputs": {"out": "/nix/store/0003bvbqw19lmkigi6y1qpslxkaldsg0-wlrctl-0.2.1"}, "startTime": 0, "stopTime": 0}]');
INSERT INTO nixpkg_rev VALUES('wlroots','32dcb45f66c0487e92db8303a798ebc548cadedc','[{"drvPath": "/nix/store/3ghv8nb66cylpaqwrjrh0y1wmzi75xli-wlroots-0.15.1.drv", "outputs": {"out": "/nix/store/q3lvg42m5agfxzi4y170x2brirpyinic-wlroots-0.15.1"}, "startTime": 0, "stopTime": 0}]');
INSERT INTO nixpkg_rev VALUES('wlroots','3b79cc4bcd9c09b5aa68ea1957c25e437dc6bc58','[{"drvPath": "/nix/store/3ghv8nb66cylpaqwrjrh0y1wmzi75xli-wlroots-0.15.1.drv", "outputs": {"out": "/nix/store/q3lvg42m5agfxzi4y170x2brirpyinic-wlroots-0.15.1"}, "startTime": 0, "stopTime": 0}]');
INSERT INTO nixpkg_rev VALUES('wmctrl','32dcb45f66c0487e92db8303a798ebc548cadedc','[{"drvPath": "/nix/store/bq5vrhzklk46drs8r11qz5nkpz1jsprj-wmctrl-1.07.drv", "outputs": {"out": "/nix/store/dpwzwqs3nq7m0rnxcs0y5g9si786hb0n-wmctrl-1.07"}, "startTime": 0, "stopTime": 0}]');
INSERT INTO nixpkg_rev VALUES('wmctrl','3b79cc4bcd9c09b5aa68ea1957c25e437dc6bc58','[{"drvPath": "/nix/store/bq5vrhzklk46drs8r11qz5nkpz1jsprj-wmctrl-1.07.drv", "outputs": {"out": "/nix/store/dpwzwqs3nq7m0rnxcs0y5g9si786hb0n-wmctrl-1.07"}, "startTime": 0, "stopTime": 0}]');
INSERT INTO nixpkg_rev VALUES('wtype','32dcb45f66c0487e92db8303a798ebc548cadedc','[{"drvPath": "/nix/store/7raci85191lbvbpcyw6j843sbzqgavf0-wtype-0.4.drv", "outputs": {"out": "/nix/store/hbk0ba94wh96qcgr7k2fch18yhfn3aaf-wtype-0.4"}, "startTime": 0, "stopTime": 0}]');
INSERT INTO nixpkg_rev VALUES('wtype','3b79cc4bcd9c09b5aa68ea1957c25e437dc6bc58','[{"drvPath": "/nix/store/7raci85191lbvbpcyw6j843sbzqgavf0-wtype-0.4.drv", "outputs": {"out": "/nix/store/hbk0ba94wh96qcgr7k2fch18yhfn3aaf-wtype-0.4"}, "startTime": 0, "stopTime": 0}]');
INSERT INTO nixpkg_rev VALUES('xfce.exo','32dcb45f66c0487e92db8303a798ebc548cadedc','[{"drvPath": "/nix/store/73zvgh0s3x3zar7cz78skwvcmw8w64zj-exo-4.18.0.drv", "outputs": {"out": "/nix/store/a1mkhas087w1spgay6x92wkv0r2ph68p-exo-4.18.0"}, "startTime": 0, "stopTime": 0}]');
INSERT INTO nixpkg_rev VALUES('xfce.exo','3b79cc4bcd9c09b5aa68ea1957c25e437dc6bc58','[{"drvPath": "/nix/store/73zvgh0s3x3zar7cz78skwvcmw8w64zj-exo-4.18.0.drv", "outputs": {"out": "/nix/store/a1mkhas087w1spgay6x92wkv0r2ph68p-exo-4.18.0"}, "startTime": 0, "stopTime": 0}]');
INSERT INTO nixpkg_rev VALUES('xfce.gigolo','32dcb45f66c0487e92db8303a798ebc548cadedc','[{"drvPath": "/nix/store/l1ky9ki99dqia70r6s5apa7cr3k418s3-gigolo-0.5.2.drv", "outputs": {"out": "/nix/store/g0960y96mr2ckg6sqqcxwfj9c3la2jy1-gigolo-0.5.2"}, "startTime": 0, "stopTime": 0}]');
INSERT INTO nixpkg_rev VALUES('xfce.gigolo','3b79cc4bcd9c09b5aa68ea1957c25e437dc6bc58','[{"drvPath": "/nix/store/l1ky9ki99dqia70r6s5apa7cr3k418s3-gigolo-0.5.2.drv", "outputs": {"out": "/nix/store/g0960y96mr2ckg6sqqcxwfj9c3la2jy1-gigolo-0.5.2"}, "startTime": 0, "stopTime": 0}]');
INSERT INTO nixpkg_rev VALUES('xorg.xrandr','3b79cc4bcd9c09b5aa68ea1957c25e437dc6bc58','[{"drvPath": "/nix/store/42jb6h6xj6ch0x8r81cicikgf1q7wyjx-xrandr-1.5.1.drv", "outputs": {"out": "/nix/store/wwb6xnmh1ii29k2vii0khmb60rd3p5b1-xrandr-1.5.1"}, "startTime": 0, "stopTime": 0}]');
INSERT INTO nixpkg_rev VALUES('xterm','32dcb45f66c0487e92db8303a798ebc548cadedc','[{"drvPath": "/nix/store/hnaallan0cazihbnisc5qv4khxp5wycl-xterm-384.drv", "outputs": {"out": "/nix/store/17mwmq5737n9afyhz2ivsp0zlqh75457-xterm-384"}, "startTime": 0, "stopTime": 0}]');
INSERT INTO nixpkg_rev VALUES('xterm','3b79cc4bcd9c09b5aa68ea1957c25e437dc6bc58','[{"drvPath": "/nix/store/hnaallan0cazihbnisc5qv4khxp5wycl-xterm-384.drv", "outputs": {"out": "/nix/store/17mwmq5737n9afyhz2ivsp0zlqh75457-xterm-384"}, "startTime": 0, "stopTime": 0}]');
INSERT INTO nixpkg_rev VALUES('zathura','32dcb45f66c0487e92db8303a798ebc548cadedc','[{"drvPath": "/nix/store/xxh5afhpy3frf26jqa7rgrg1jbx3vwyx-zathura-with-plugins-0.5.2.drv", "outputs": {"out": "/nix/store/scjb8nbdiiim8ybhc31867w7ipwpvhnm-zathura-with-plugins-0.5.2"}, "startTime": 0, "stopTime": 0}]');
INSERT INTO nixpkg_rev VALUES('zathura','3b79cc4bcd9c09b5aa68ea1957c25e437dc6bc58','[{"drvPath": "/nix/store/xxh5afhpy3frf26jqa7rgrg1jbx3vwyx-zathura-with-plugins-0.5.2.drv", "outputs": {"out": "/nix/store/scjb8nbdiiim8ybhc31867w7ipwpvhnm-zathura-with-plugins-0.5.2"}, "startTime": 0, "stopTime": 0}]');
INSERT INTO nixpkg_rev VALUES('zstd','32dcb45f66c0487e92db8303a798ebc548cadedc','[{"drvPath": "/nix/store/v4pnkg7dqhrsdvg819l9pmk5z3kdiw41-zstd-1.5.5.drv", "outputs": {"bin": "/nix/store/7gqmifamblx3zb25qcrxdsmsi3az7an2-zstd-1.5.5-bin", "man": "/nix/store/yf0l4b1pidv1yyqpyfv4xsg2ifkyg4kv-zstd-1.5.5-man"}, "startTime": 0, "stopTime": 0}]');
INSERT INTO nixpkg_rev VALUES('zstd','3b79cc4bcd9c09b5aa68ea1957c25e437dc6bc58','[{"drvPath": "/nix/store/v4pnkg7dqhrsdvg819l9pmk5z3kdiw41-zstd-1.5.5.drv", "outputs": {"bin": "/nix/store/7gqmifamblx3zb25qcrxdsmsi3az7an2-zstd-1.5.5-bin", "man": "/nix/store/yf0l4b1pidv1yyqpyfv4xsg2ifkyg4kv-zstd-1.5.5-man"}, "startTime": 0, "stopTime": 0}]');
COMMIT;
