PRAGMA foreign_keys=OFF;
BEGIN TRANSACTION;
CREATE TABLE nixpkg (pname TEXT NOT NULL PRIMARY KEY UNIQUE, comment TEXT, disabled TEXT, dependency TEXT, description TEXT);
INSERT INTO nixpkg VALUES('alejandra','nix Opinionated Code Formatter',NULL,NULL,NULL);
INSERT INTO nixpkg VALUES('amdgpu_top',NULL,'amdgpu',NULL,NULL);
INSERT INTO nixpkg VALUES('aria',NULL,NULL,'yt-dlp',NULL);
INSERT INTO nixpkg VALUES('atomicparsley',NULL,NULL,'yt-dlp',NULL);
INSERT INTO nixpkg VALUES('attr',NULL,'silverblue/sericea default','yt-dlp',NULL);
INSERT INTO nixpkg VALUES('atuin','shell history',NULL,NULL,NULL);
INSERT INTO nixpkg VALUES('avfs','Virtual filesystem that allows browsing of compressed files','tmp',NULL,NULL);
INSERT INTO nixpkg VALUES('azure-cli',NULL,'dasa.net',NULL,NULL);
INSERT INTO nixpkg VALUES('bashate','https://github.com/openstack/bashate','broken',NULL,NULL);
INSERT INTO nixpkg VALUES('bash-preexec',NULL,NULL,'atuin',NULL);
INSERT INTO nixpkg VALUES('bcc','Dynamic Tracing Tools','trace',NULL,NULL);
INSERT INTO nixpkg VALUES('bchunk','split BIN/CUE images','tmp',NULL,NULL);
INSERT INTO nixpkg VALUES('bindfs','bind with fuse',NULL,NULL,NULL);
INSERT INTO nixpkg VALUES('bitwarden-cli','bw',NULL,NULL,NULL);
INSERT INTO nixpkg VALUES('black','opinated python formatter',NULL,NULL,NULL);
INSERT INTO nixpkg VALUES('borgbackup',NULL,NULL,NULL,NULL);
INSERT INTO nixpkg VALUES('brightnessctl',NULL,'light sericea default',NULL,NULL);
INSERT INTO nixpkg VALUES('bsdiff','binary diff','tmp',NULL,NULL);
INSERT INTO nixpkg VALUES('btfs','bittorent fuse','tmp',NULL,NULL);
INSERT INTO nixpkg VALUES('btop',NULL,'tmp',NULL,NULL);
INSERT INTO nixpkg VALUES('cdesktopenv','libsForQt5.qtstyleplugin-kvantum','tmp',NULL,NULL);
INSERT INTO nixpkg VALUES('chars','unicode','unicode',NULL,NULL);
INSERT INTO nixpkg VALUES('cicero-tui','unicode','unicode',NULL,NULL);
INSERT INTO nixpkg VALUES('cntr','attach host to container',NULL,NULL,NULL);
INSERT INTO nixpkg VALUES('cool-retro-term',NULL,'broken',NULL,NULL);
INSERT INTO nixpkg VALUES('csvs-to-sqlite',NULL,'pipx',NULL,NULL);
INSERT INTO nixpkg VALUES('czkawka',NULL,'flatpak',NULL,NULL);
INSERT INTO nixpkg VALUES('dar','Disk ARchiver','tmp',NULL,NULL);
INSERT INTO nixpkg VALUES('dbeaver',NULL,'flatpak avaliable',NULL,NULL);
INSERT INTO nixpkg VALUES('ddcutil','Query and change Linux monitor settings using DDC/CI and USB','tmp',NULL,NULL);
INSERT INTO nixpkg VALUES('deno',NULL,NULL,NULL,NULL);
INSERT INTO nixpkg VALUES('dialog','tui',NULL,NULL,NULL);
INSERT INTO nixpkg VALUES('dig','BIND Domain name server client tools',NULL,NULL,NULL);
INSERT INTO nixpkg VALUES('dive','A tool for exploring each layer in a docker image','tmp',NULL,NULL);
INSERT INTO nixpkg VALUES('dmtx-utils','datamatrix utils',NULL,NULL,NULL);
INSERT INTO nixpkg VALUES('docker-buildx',NULL,'tmp',NULL,NULL);
INSERT INTO nixpkg VALUES('docker-client',NULL,NULL,NULL,NULL);
INSERT INTO nixpkg VALUES('docker-compose',NULL,NULL,NULL,NULL);
INSERT INTO nixpkg VALUES('envfs','fuse mount /usr/bin with $PATH for nix','tmp',NULL,NULL);
INSERT INTO nixpkg VALUES('Fabric',NULL,'pipx',NULL,NULL);
INSERT INTO nixpkg VALUES('ffmpeg_6-full',NULL,NULL,NULL,NULL);
INSERT INTO nixpkg VALUES('ffmpeg_6-headless',NULL,'no ffplay',NULL,NULL);
INSERT INTO nixpkg VALUES('ffmpeg-headless',NULL,'no ffplay',NULL,NULL);
INSERT INTO nixpkg VALUES('fnott','wlroots notification daemon','dunst sericea default',NULL,NULL);
INSERT INTO nixpkg VALUES('fossil',NULL,'tmp',NULL,NULL);
INSERT INTO nixpkg VALUES('fribidi','unicode','silverblue/sericea default','yt-dlp',NULL);
INSERT INTO nixpkg VALUES('fuseiso','FUSE module to mount ISO filesystem images','tmp',NULL,NULL);
INSERT INTO nixpkg VALUES('gamescope',NULL,'steam container',NULL,NULL);
INSERT INTO nixpkg VALUES('gifsicle',NULL,NULL,NULL,NULL);
INSERT INTO nixpkg VALUES('git-filter-repo',NULL,'tmp',NULL,NULL);
INSERT INTO nixpkg VALUES('gitfs','git fuse',NULL,NULL,NULL);
INSERT INTO nixpkg VALUES('gitFull',NULL,'special case',NULL,NULL);
INSERT INTO nixpkg VALUES('git-lfs',NULL,NULL,NULL,NULL);
INSERT INTO nixpkg VALUES('gitui','Blazing fast terminal-ui for Git written in Rust',NULL,NULL,NULL);
INSERT INTO nixpkg VALUES('gmic','pipelines for 1d/2d/3d multispectral image processing',NULL,NULL,NULL);
INSERT INTO nixpkg VALUES('gnome.file-roller','gnome archive file manager','tmp',NULL,NULL);
INSERT INTO nixpkg VALUES('gnome.gvfs',NULL,'gvfs',NULL,NULL);
INSERT INTO nixpkg VALUES('gnome.zenity',NULL,'dialog',NULL,NULL);
INSERT INTO nixpkg VALUES('gnupatch',NULL,NULL,NULL,NULL);
INSERT INTO nixpkg VALUES('graalvm-ce',NULL,NULL,NULL,NULL);
INSERT INTO nixpkg VALUES('graphviz',NULL,NULL,NULL,NULL);
INSERT INTO nixpkg VALUES('gvfs',NULL,'gvfs',NULL,NULL);
INSERT INTO nixpkg VALUES('haskellPackages.dhall-bash','total (strong) functional programming language for configuration',NULL,NULL,NULL);
INSERT INTO nixpkg VALUES('haskellPackages.dhall-json','total (strong) functional programming language for configuration',NULL,NULL,NULL);
INSERT INTO nixpkg VALUES('haskellPackages.dhall','total (strong) functional programming language for configuration',NULL,NULL,NULL);
INSERT INTO nixpkg VALUES('helvum',NULL,'flatpak avaliable',NULL,NULL);
INSERT INTO nixpkg VALUES('hivemind',NULL,'tmp',NULL,NULL);
INSERT INTO nixpkg VALUES('hocr-tools',NULL,'tmp',NULL,NULL);
INSERT INTO nixpkg VALUES('honcho',NULL,'pipx',NULL,NULL);
INSERT INTO nixpkg VALUES('htop',NULL,'tmp',NULL,NULL);
INSERT INTO nixpkg VALUES('hwinfo','mk_isdnhwdb,check_hd,hwinfo,convert_hd,getsysinfo','tmp',NULL,NULL);
INSERT INTO nixpkg VALUES('hwloc','lstopo','tmp',NULL,NULL);
INSERT INTO nixpkg VALUES('icoutils',NULL,'tmp',NULL,NULL);
INSERT INTO nixpkg VALUES('iotop',NULL,'sudo, trace',NULL,NULL);
INSERT INTO nixpkg VALUES('isolate',NULL,'broken',NULL,NULL);
INSERT INTO nixpkg VALUES('kanshi',NULL,'sericea default',NULL,NULL);
INSERT INTO nixpkg VALUES('kio-fuse',NULL,'broken',NULL,NULL);
INSERT INTO nixpkg VALUES('krb5',NULL,'tmp',NULL,NULL);
INSERT INTO nixpkg VALUES('kubectl',NULL,NULL,NULL,NULL);
INSERT INTO nixpkg VALUES('kubectl-tree',NULL,'tmp',NULL,NULL);
INSERT INTO nixpkg VALUES('leptonica',NULL,'silverblue/sericea default',NULL,NULL);
INSERT INTO nixpkg VALUES('libaom',NULL,'sericea default',NULL,NULL);
INSERT INTO nixpkg VALUES('libarchive','bsdtar bsdcpio bsdcat',NULL,NULL,NULL);
INSERT INTO nixpkg VALUES('libavif',NULL,'tmp',NULL,NULL);
INSERT INTO nixpkg VALUES('libjxl',NULL,NULL,NULL,NULL);
INSERT INTO nixpkg VALUES('libsForQt5.ark','kde archive file manager','tmp',NULL,NULL);
INSERT INTO nixpkg VALUES('libsForQt5.kdeconnect-kde',NULL,'broken',NULL,NULL);
INSERT INTO nixpkg VALUES('libsForQt5.qtstyleplugin-kvantum','Commonality kde+kvantum CDE theme','tmp',NULL,NULL);
INSERT INTO nixpkg VALUES('libuchardet','unicode','unicode',NULL,NULL);
INSERT INTO nixpkg VALUES('libwebp',NULL,NULL,NULL,NULL);
INSERT INTO nixpkg VALUES('light',NULL,'sericea default',NULL,NULL);
INSERT INTO nixpkg VALUES('lnav','The Logfile Navigator',NULL,NULL,NULL);
INSERT INTO nixpkg VALUES('lshw','Provide detailed information on the hardware configuration of the machine',NULL,NULL,NULL);
INSERT INTO nixpkg VALUES('lurk','A simple and pretty alternative to strace','trace',NULL,NULL);
INSERT INTO nixpkg VALUES('maturin','build pypi packages with rust',NULL,NULL,NULL);
INSERT INTO nixpkg VALUES('minify','Minifiers for web formats','tmp',NULL,NULL);
INSERT INTO nixpkg VALUES('minijail',NULL,'broken',NULL,NULL);
INSERT INTO nixpkg VALUES('miniupnpc',NULL,NULL,NULL,NULL);
INSERT INTO nixpkg VALUES('mosh',NULL,'tmp',NULL,NULL);
INSERT INTO nixpkg VALUES('motif',NULL,'libsForQt5.qtstyleplugin-kvantum',NULL,NULL);
INSERT INTO nixpkg VALUES('mpvpaper','video wallpaper for wlroots',NULL,NULL,NULL);
INSERT INTO nixpkg VALUES('mypy','static type checker for Python',NULL,NULL,NULL);
INSERT INTO nixpkg VALUES('ncdu','ncurses tui for du',NULL,NULL,NULL);
INSERT INTO nixpkg VALUES('ncpamixer',NULL,'pavucontrol sericea default',NULL,NULL);
INSERT INTO nixpkg VALUES('nethogs',NULL,'sudo, trace',NULL,NULL);
INSERT INTO nixpkg VALUES('networkmanager','nmtui',NULL,NULL,NULL);
INSERT INTO nixpkg VALUES('newt','whiptail','dialog',NULL,NULL);
INSERT INTO nixpkg VALUES('nip2','vips gui','gui',NULL,NULL);
INSERT INTO nixpkg VALUES('nix-bundle',NULL,NULL,NULL,NULL);
INSERT INTO nixpkg VALUES('nix-index',NULL,NULL,NULL,NULL);
INSERT INTO nixpkg VALUES('nixos-rebuild','Rebuild your NixOS configuration and switch to it, on local hosts and remote','tmp',NULL,NULL);
INSERT INTO nixpkg VALUES('nixStatic',NULL,'manage outside nixpkgs-aliases',NULL,NULL);
INSERT INTO nixpkg VALUES('nix-tree',NULL,NULL,NULL,NULL);
INSERT INTO nixpkg VALUES('nodePackages.bash-language-server',NULL,'npx',NULL,NULL);
INSERT INTO nixpkg VALUES('nodePackages.eslint_d',NULL,'broken',NULL,NULL);
INSERT INTO nixpkg VALUES('nodePackages.eslint',NULL,'broken plugins',NULL,NULL);
INSERT INTO nixpkg VALUES('nodePackages.prettier_d_slim',NULL,'broken',NULL,NULL);
INSERT INTO nixpkg VALUES('nodePackages.prettier',NULL,'broken plugins',NULL,NULL);
INSERT INTO nixpkg VALUES('nodePackages.pyright','static type checker for Python',NULL,NULL,NULL);
INSERT INTO nixpkg VALUES('nodePackages.typescript-language-server',NULL,'npx',NULL,NULL);
INSERT INTO nixpkg VALUES('nodePackages.vscode-langservers-extracted',NULL,'npx',NULL,NULL);
INSERT INTO nixpkg VALUES('numactl',NULL,'tmp',NULL,NULL);
INSERT INTO nixpkg VALUES('oath-toolkit',NULL,NULL,NULL,NULL);
INSERT INTO nixpkg VALUES('openal','openal-info','tmp',NULL,NULL);
INSERT INTO nixpkg VALUES('openldap','ldapsearch',NULL,NULL,NULL);
INSERT INTO nixpkg VALUES('openssl',NULL,NULL,NULL,NULL);
INSERT INTO nixpkg VALUES('overmind','Procfile+tmux',NULL,NULL,NULL);
INSERT INTO nixpkg VALUES('par2cmdline',NULL,'tmp',NULL,NULL);
INSERT INTO nixpkg VALUES('parallel','Shell tool for executing jobs in parallel',NULL,NULL,NULL);
INSERT INTO nixpkg VALUES('pavucontrol',NULL,'sericea default',NULL,NULL);
INSERT INTO nixpkg VALUES('pdfgrep',NULL,'tmp',NULL,NULL);
INSERT INTO nixpkg VALUES('perf-tools',NULL,'tmp',NULL,NULL);
INSERT INTO nixpkg VALUES('pikchr',NULL,'tmp',NULL,NULL);
INSERT INTO nixpkg VALUES('pipectl','named pipe manager',NULL,NULL,NULL);
INSERT INTO nixpkg VALUES('pipx',NULL,NULL,NULL,NULL);
INSERT INTO nixpkg VALUES('plantuml-c4',NULL,'pulls jdk19',NULL,NULL);
INSERT INTO nixpkg VALUES('playerctl','CLI MPRIS media player manager',NULL,NULL,NULL);
INSERT INTO nixpkg VALUES('podman-compose',NULL,'tmp',NULL,NULL);
INSERT INTO nixpkg VALUES('poppler_utils','deb poppler-utils',NULL,NULL,NULL);
INSERT INTO nixpkg VALUES('procodile','run Procfile','ruby',NULL,NULL);
INSERT INTO nixpkg VALUES('profile-cleaner',NULL,'broken',NULL,NULL);
INSERT INTO nixpkg VALUES('progress','Tool that shows the progress of coreutils programs',NULL,NULL,NULL);
INSERT INTO nixpkg VALUES('proxychains-ng',NULL,'tmp',NULL,NULL);
INSERT INTO nixpkg VALUES('pulseaudio-ctl',NULL,'broken',NULL,NULL);
INSERT INTO nixpkg VALUES('pv','Tool for monitoring the progress of data through a pipeline',NULL,NULL,NULL);
INSERT INTO nixpkg VALUES('python311Packages.chardet','unicode','pipx',NULL,NULL);
INSERT INTO nixpkg VALUES('python311Packages.ftfy','unicode','pipx',NULL,NULL);
INSERT INTO nixpkg VALUES('python311Packages.paramiko',NULL,'pipx',NULL,NULL);
INSERT INTO nixpkg VALUES('python311Packages.pyupgrade',NULL,'pipx',NULL,NULL);
INSERT INTO nixpkg VALUES('python311Packages.xattr',NULL,'silverblue/sericea default','yt-dlp',NULL);
INSERT INTO nixpkg VALUES('python311Packages.zfec','Zfec fast erasure codec',NULL,NULL,NULL);
INSERT INTO nixpkg VALUES('radeontop',NULL,'amdgpu',NULL,NULL);
INSERT INTO nixpkg VALUES('rancher',NULL,NULL,NULL,NULL);
INSERT INTO nixpkg VALUES('rclone',NULL,NULL,NULL,NULL);
INSERT INTO nixpkg VALUES('rewritefs','mod_rewrite using fuse','tmp',NULL,NULL);
INSERT INTO nixpkg VALUES('rfc','A tool to read RFCs from the command line',NULL,NULL,NULL);
INSERT INTO nixpkg VALUES('rocm-smi',NULL,'amdgpu',NULL,NULL);
INSERT INTO nixpkg VALUES('roc-toolkit','roc-recv,roc-conv,roc-send',NULL,NULL,NULL);
INSERT INTO nixpkg VALUES('ruff','python linter',NULL,NULL,NULL);
INSERT INTO nixpkg VALUES('runit',NULL,'tmp',NULL,NULL);
INSERT INTO nixpkg VALUES('selinux-python','fedora policycoreutils-devel(sepolicy) policycoreutils-python-utils(semanage)','pipx',NULL,NULL);
INSERT INTO nixpkg VALUES('selinux-sandbox',NULL,'broken',NULL,NULL);
INSERT INTO nixpkg VALUES('setools','setools-console-analyses(sedta) setools-console(sechecker) setools-console-analyses(seinfoflow) setools-gui(apol)','tmp',NULL,NULL);
INSERT INTO nixpkg VALUES('shellcheck','shell linter',NULL,NULL,NULL);
INSERT INTO nixpkg VALUES('shellharden','shell linter',NULL,NULL,NULL);
INSERT INTO nixpkg VALUES('shfmt','shell opinated formatter',NULL,NULL,NULL);
INSERT INTO nixpkg VALUES('sipcalc',NULL,'https://docs.python.org/3/library/ipaddress.html',NULL,NULL);
INSERT INTO nixpkg VALUES('sommelier','Nested Wayland compositor with support for X11 forwarding','wayland',NULL,NULL);
INSERT INTO nixpkg VALUES('speechd','speech-dispatcher','tmp',NULL,NULL);
INSERT INTO nixpkg VALUES('sqlar','sqlarfs,sqlar',NULL,NULL,NULL);
INSERT INTO nixpkg VALUES('sqldiff',NULL,NULL,NULL,NULL);
INSERT INTO nixpkg VALUES('sqlite-analyzer',NULL,NULL,NULL,NULL);
INSERT INTO nixpkg VALUES('sqlite-interactive','sqlite3',NULL,NULL,NULL);
INSERT INTO nixpkg VALUES('sqlite-utils',NULL,'pipx',NULL,NULL);
INSERT INTO nixpkg VALUES('squashfuse','squashfs fuse',NULL,NULL,NULL);
INSERT INTO nixpkg VALUES('strace','A system call tracer for Linux','tmp',NULL,NULL);
INSERT INTO nixpkg VALUES('stun','stun,stund','tmp',NULL,NULL);
INSERT INTO nixpkg VALUES('syncthing',NULL,NULL,NULL,NULL);
INSERT INTO nixpkg VALUES('sysstat','tapestat,sar,pidstat,mpstat,iostat,cifsiostat,sadf',NULL,NULL,NULL);
INSERT INTO nixpkg VALUES('temurin-bin-17',NULL,'jdk17',NULL,NULL);
INSERT INTO nixpkg VALUES('tesseract',NULL,'silverblue/sericea default',NULL,NULL);
INSERT INTO nixpkg VALUES('tiptop','ptiptop,tiptop',NULL,NULL,NULL);
INSERT INTO nixpkg VALUES('tmux','Terminal multiplexer',NULL,NULL,NULL);
INSERT INTO nixpkg VALUES('transmission',NULL,NULL,NULL,NULL);
INSERT INTO nixpkg VALUES('uni','unicode','unicode',NULL,NULL);
INSERT INTO nixpkg VALUES('unpaper','Post-processing tool for scanned sheets of paper',NULL,NULL,NULL);
INSERT INTO nixpkg VALUES('upnp-router-control',NULL,'gui, use miniupnpc(upnpc) instead',NULL,NULL);
INSERT INTO nixpkg VALUES('usbtop','A top utility that shows an estimated instantaneous bandwidth on USB buses and devices','tmp',NULL,NULL);
INSERT INTO nixpkg VALUES('vips',NULL,NULL,NULL,NULL);
INSERT INTO nixpkg VALUES('waifu2x-converter-cpp',NULL,'tmp',NULL,NULL);
INSERT INTO nixpkg VALUES('wayland-utils','wayland-info',NULL,NULL,NULL);
INSERT INTO nixpkg VALUES('waypipe','A network proxy for Wayland clients (applications)',NULL,NULL,NULL);
INSERT INTO nixpkg VALUES('wayvnc','wlroots vnc',NULL,NULL,NULL);
INSERT INTO nixpkg VALUES('wdomirror','wlroots output mirror to a window',NULL,NULL,NULL);
INSERT INTO nixpkg VALUES('wev','Wayland event viewer, sericea default',NULL,NULL,NULL);
INSERT INTO nixpkg VALUES('wf-recorder','wlroots screen recorder',NULL,NULL,NULL);
INSERT INTO nixpkg VALUES('wl-clipboard','Command-line copy/paste utilities for Wayland, sericea default',NULL,NULL,NULL);
INSERT INTO nixpkg VALUES('wl-mirror','Mirrors an output onto a Wayland surface.',NULL,NULL,NULL);
INSERT INTO nixpkg VALUES('wlrctl','wlroots extensions ctl',NULL,NULL,NULL);
INSERT INTO nixpkg VALUES('wlroots',replace('Pluggable, composable, unopinionated modules for building a Wayland compositor; or about 50,000 lines of code you were going to write anyway.\n','\n',char(10)),NULL,NULL,NULL);
INSERT INTO nixpkg VALUES('wmctrl','EWMH/NetWM X Window Manager ctl',NULL,NULL,NULL);
INSERT INTO nixpkg VALUES('wtype','xdotool type for wayland',NULL,NULL,NULL);
INSERT INTO nixpkg VALUES('xfce.exo','manage preferred applications and edit .desktop files',NULL,NULL,NULL);
INSERT INTO nixpkg VALUES('xfce.gigolo','remote filesystem manager',NULL,NULL,NULL);
INSERT INTO nixpkg VALUES('xorg.xrandr',NULL,NULL,NULL,NULL);
INSERT INTO nixpkg VALUES('xterm',NULL,NULL,NULL,NULL);
INSERT INTO nixpkg VALUES('zarchive','zstd-compressed file archives (.zar) with random-access reads','tmp',NULL,NULL);
INSERT INTO nixpkg VALUES('zathura',NULL,NULL,NULL,NULL);
INSERT INTO nixpkg VALUES('zbar',NULL,'qt',NULL,NULL);
INSERT INTO nixpkg VALUES('zint',NULL,'qt',NULL,NULL);
INSERT INTO nixpkg VALUES('zstd','Zstandard real-time compression algorithm',NULL,NULL,NULL);
CREATE TABLE rev
(
    rev      TEXT not null
        primary key
        unique,
    flakeref TEXT not null,
    ctime    REAL default (unixepoch())
);
INSERT INTO rev VALUES('8a4c17493e5c39769f79117937c79e1c88de6729','github:NixOS/nixpkgs/nixos-23.05',1696470762.0);
CREATE TABLE IF NOT EXISTS "nixpkg_rev_bin"
(
    pname TEXT not null
        references nixpkg,
    bin   TEXT not null,
    rev   TEXT,
    constraint pname_bin_pk
        primary key (pname, bin)
);
INSERT INTO nixpkg_rev_bin VALUES('alejandra','/bin/alejandra','8a4c17493e5c39769f79117937c79e1c88de6729');
INSERT INTO nixpkg_rev_bin VALUES('aria','/bin/aria2c','8a4c17493e5c39769f79117937c79e1c88de6729');
INSERT INTO nixpkg_rev_bin VALUES('atomicparsley','/bin/AtomicParsley','8a4c17493e5c39769f79117937c79e1c88de6729');
INSERT INTO nixpkg_rev_bin VALUES('atuin','/bin/atuin','8a4c17493e5c39769f79117937c79e1c88de6729');
INSERT INTO nixpkg_rev_bin VALUES('bindfs','/bin/bindfs','8a4c17493e5c39769f79117937c79e1c88de6729');
INSERT INTO nixpkg_rev_bin VALUES('bindfs','/bin/mount.fuse.bindfs','8a4c17493e5c39769f79117937c79e1c88de6729');
INSERT INTO nixpkg_rev_bin VALUES('black','/bin/black','8a4c17493e5c39769f79117937c79e1c88de6729');
INSERT INTO nixpkg_rev_bin VALUES('black','/bin/blackd','8a4c17493e5c39769f79117937c79e1c88de6729');
INSERT INTO nixpkg_rev_bin VALUES('borgbackup','/bin/borg','8a4c17493e5c39769f79117937c79e1c88de6729');
INSERT INTO nixpkg_rev_bin VALUES('borgbackup','/bin/borgfs','8a4c17493e5c39769f79117937c79e1c88de6729');
INSERT INTO nixpkg_rev_bin VALUES('cntr','/bin/cntr','8a4c17493e5c39769f79117937c79e1c88de6729');
INSERT INTO nixpkg_rev_bin VALUES('deno','/bin/deno','8a4c17493e5c39769f79117937c79e1c88de6729');
INSERT INTO nixpkg_rev_bin VALUES('dialog','/bin/dialog','8a4c17493e5c39769f79117937c79e1c88de6729');
INSERT INTO nixpkg_rev_bin VALUES('dig','/bin/delv','8a4c17493e5c39769f79117937c79e1c88de6729');
INSERT INTO nixpkg_rev_bin VALUES('dig','/bin/dig','8a4c17493e5c39769f79117937c79e1c88de6729');
INSERT INTO nixpkg_rev_bin VALUES('dig','/bin/nslookup','8a4c17493e5c39769f79117937c79e1c88de6729');
INSERT INTO nixpkg_rev_bin VALUES('dig','/bin/nsupdate','8a4c17493e5c39769f79117937c79e1c88de6729');
INSERT INTO nixpkg_rev_bin VALUES('dmtx-utils','/bin/dmtxquery','8a4c17493e5c39769f79117937c79e1c88de6729');
INSERT INTO nixpkg_rev_bin VALUES('dmtx-utils','/bin/dmtxread','8a4c17493e5c39769f79117937c79e1c88de6729');
INSERT INTO nixpkg_rev_bin VALUES('dmtx-utils','/bin/dmtxwrite','8a4c17493e5c39769f79117937c79e1c88de6729');
INSERT INTO nixpkg_rev_bin VALUES('docker-client','/bin/docker','8a4c17493e5c39769f79117937c79e1c88de6729');
INSERT INTO nixpkg_rev_bin VALUES('docker-compose','/bin/docker-compose','8a4c17493e5c39769f79117937c79e1c88de6729');
INSERT INTO nixpkg_rev_bin VALUES('ffmpeg_6-full','/bin/ffmpeg','8a4c17493e5c39769f79117937c79e1c88de6729');
INSERT INTO nixpkg_rev_bin VALUES('ffmpeg_6-full','/bin/ffplay','8a4c17493e5c39769f79117937c79e1c88de6729');
INSERT INTO nixpkg_rev_bin VALUES('ffmpeg_6-full','/bin/ffprobe','8a4c17493e5c39769f79117937c79e1c88de6729');
INSERT INTO nixpkg_rev_bin VALUES('ffmpeg_6-full','/bin/qt-faststart','8a4c17493e5c39769f79117937c79e1c88de6729');
INSERT INTO nixpkg_rev_bin VALUES('gifsicle','/bin/gifdiff','8a4c17493e5c39769f79117937c79e1c88de6729');
INSERT INTO nixpkg_rev_bin VALUES('gifsicle','/bin/gifsicle','8a4c17493e5c39769f79117937c79e1c88de6729');
INSERT INTO nixpkg_rev_bin VALUES('gitfs','/bin/gitfs','8a4c17493e5c39769f79117937c79e1c88de6729');
INSERT INTO nixpkg_rev_bin VALUES('git-lfs','/bin/git-lfs','8a4c17493e5c39769f79117937c79e1c88de6729');
INSERT INTO nixpkg_rev_bin VALUES('gitui','/bin/gitui','8a4c17493e5c39769f79117937c79e1c88de6729');
INSERT INTO nixpkg_rev_bin VALUES('gmic','/bin/gmic','8a4c17493e5c39769f79117937c79e1c88de6729');
INSERT INTO nixpkg_rev_bin VALUES('gnupatch','/bin/patch','8a4c17493e5c39769f79117937c79e1c88de6729');
INSERT INTO nixpkg_rev_bin VALUES('graalvm-ce','/bin/gu','8a4c17493e5c39769f79117937c79e1c88de6729');
INSERT INTO nixpkg_rev_bin VALUES('graalvm-ce','/bin/jar','8a4c17493e5c39769f79117937c79e1c88de6729');
INSERT INTO nixpkg_rev_bin VALUES('graalvm-ce','/bin/jarsigner','8a4c17493e5c39769f79117937c79e1c88de6729');
INSERT INTO nixpkg_rev_bin VALUES('graalvm-ce','/bin/java','8a4c17493e5c39769f79117937c79e1c88de6729');
INSERT INTO nixpkg_rev_bin VALUES('graalvm-ce','/bin/javac','8a4c17493e5c39769f79117937c79e1c88de6729');
INSERT INTO nixpkg_rev_bin VALUES('graalvm-ce','/bin/javadoc','8a4c17493e5c39769f79117937c79e1c88de6729');
INSERT INTO nixpkg_rev_bin VALUES('graalvm-ce','/bin/javap','8a4c17493e5c39769f79117937c79e1c88de6729');
INSERT INTO nixpkg_rev_bin VALUES('graalvm-ce','/bin/jcmd','8a4c17493e5c39769f79117937c79e1c88de6729');
INSERT INTO nixpkg_rev_bin VALUES('graalvm-ce','/bin/jconsole','8a4c17493e5c39769f79117937c79e1c88de6729');
INSERT INTO nixpkg_rev_bin VALUES('graalvm-ce','/bin/jdb','8a4c17493e5c39769f79117937c79e1c88de6729');
INSERT INTO nixpkg_rev_bin VALUES('graalvm-ce','/bin/jdeprscan','8a4c17493e5c39769f79117937c79e1c88de6729');
INSERT INTO nixpkg_rev_bin VALUES('graalvm-ce','/bin/jdeps','8a4c17493e5c39769f79117937c79e1c88de6729');
INSERT INTO nixpkg_rev_bin VALUES('graalvm-ce','/bin/jfr','8a4c17493e5c39769f79117937c79e1c88de6729');
INSERT INTO nixpkg_rev_bin VALUES('graalvm-ce','/bin/jhsdb','8a4c17493e5c39769f79117937c79e1c88de6729');
INSERT INTO nixpkg_rev_bin VALUES('graalvm-ce','/bin/jimage','8a4c17493e5c39769f79117937c79e1c88de6729');
INSERT INTO nixpkg_rev_bin VALUES('graalvm-ce','/bin/jinfo','8a4c17493e5c39769f79117937c79e1c88de6729');
INSERT INTO nixpkg_rev_bin VALUES('graalvm-ce','/bin/jjs','8a4c17493e5c39769f79117937c79e1c88de6729');
INSERT INTO nixpkg_rev_bin VALUES('graalvm-ce','/bin/jlink','8a4c17493e5c39769f79117937c79e1c88de6729');
INSERT INTO nixpkg_rev_bin VALUES('graalvm-ce','/bin/jmap','8a4c17493e5c39769f79117937c79e1c88de6729');
INSERT INTO nixpkg_rev_bin VALUES('graalvm-ce','/bin/jmod','8a4c17493e5c39769f79117937c79e1c88de6729');
INSERT INTO nixpkg_rev_bin VALUES('graalvm-ce','/bin/jps','8a4c17493e5c39769f79117937c79e1c88de6729');
INSERT INTO nixpkg_rev_bin VALUES('graalvm-ce','/bin/jrunscript','8a4c17493e5c39769f79117937c79e1c88de6729');
INSERT INTO nixpkg_rev_bin VALUES('graalvm-ce','/bin/jshell','8a4c17493e5c39769f79117937c79e1c88de6729');
INSERT INTO nixpkg_rev_bin VALUES('graalvm-ce','/bin/jstack','8a4c17493e5c39769f79117937c79e1c88de6729');
INSERT INTO nixpkg_rev_bin VALUES('graalvm-ce','/bin/jstat','8a4c17493e5c39769f79117937c79e1c88de6729');
INSERT INTO nixpkg_rev_bin VALUES('graalvm-ce','/bin/jstatd','8a4c17493e5c39769f79117937c79e1c88de6729');
INSERT INTO nixpkg_rev_bin VALUES('graalvm-ce','/bin/keytool','8a4c17493e5c39769f79117937c79e1c88de6729');
INSERT INTO nixpkg_rev_bin VALUES('graalvm-ce','/bin/native-image','8a4c17493e5c39769f79117937c79e1c88de6729');
INSERT INTO nixpkg_rev_bin VALUES('graalvm-ce','/bin/native-image-configure','8a4c17493e5c39769f79117937c79e1c88de6729');
INSERT INTO nixpkg_rev_bin VALUES('graalvm-ce','/bin/pack200','8a4c17493e5c39769f79117937c79e1c88de6729');
INSERT INTO nixpkg_rev_bin VALUES('graalvm-ce','/bin/polyglot','8a4c17493e5c39769f79117937c79e1c88de6729');
INSERT INTO nixpkg_rev_bin VALUES('graalvm-ce','/bin/rebuild-images','8a4c17493e5c39769f79117937c79e1c88de6729');
INSERT INTO nixpkg_rev_bin VALUES('graalvm-ce','/bin/rmic','8a4c17493e5c39769f79117937c79e1c88de6729');
INSERT INTO nixpkg_rev_bin VALUES('graalvm-ce','/bin/rmid','8a4c17493e5c39769f79117937c79e1c88de6729');
INSERT INTO nixpkg_rev_bin VALUES('graalvm-ce','/bin/rmiregistry','8a4c17493e5c39769f79117937c79e1c88de6729');
INSERT INTO nixpkg_rev_bin VALUES('graalvm-ce','/bin/serialver','8a4c17493e5c39769f79117937c79e1c88de6729');
INSERT INTO nixpkg_rev_bin VALUES('graalvm-ce','/bin/unpack200','8a4c17493e5c39769f79117937c79e1c88de6729');
INSERT INTO nixpkg_rev_bin VALUES('graphviz','/bin/acyclic','8a4c17493e5c39769f79117937c79e1c88de6729');
INSERT INTO nixpkg_rev_bin VALUES('graphviz','/bin/bcomps','8a4c17493e5c39769f79117937c79e1c88de6729');
INSERT INTO nixpkg_rev_bin VALUES('graphviz','/bin/ccomps','8a4c17493e5c39769f79117937c79e1c88de6729');
INSERT INTO nixpkg_rev_bin VALUES('graphviz','/bin/circo','8a4c17493e5c39769f79117937c79e1c88de6729');
INSERT INTO nixpkg_rev_bin VALUES('graphviz','/bin/cluster','8a4c17493e5c39769f79117937c79e1c88de6729');
INSERT INTO nixpkg_rev_bin VALUES('graphviz','/bin/diffimg','8a4c17493e5c39769f79117937c79e1c88de6729');
INSERT INTO nixpkg_rev_bin VALUES('graphviz','/bin/dijkstra','8a4c17493e5c39769f79117937c79e1c88de6729');
INSERT INTO nixpkg_rev_bin VALUES('graphviz','/bin/dot2gxl','8a4c17493e5c39769f79117937c79e1c88de6729');
INSERT INTO nixpkg_rev_bin VALUES('graphviz','/bin/dot','8a4c17493e5c39769f79117937c79e1c88de6729');
INSERT INTO nixpkg_rev_bin VALUES('graphviz','/bin/dot_builtins','8a4c17493e5c39769f79117937c79e1c88de6729');
INSERT INTO nixpkg_rev_bin VALUES('graphviz','/bin/edgepaint','8a4c17493e5c39769f79117937c79e1c88de6729');
INSERT INTO nixpkg_rev_bin VALUES('graphviz','/bin/fdp','8a4c17493e5c39769f79117937c79e1c88de6729');
INSERT INTO nixpkg_rev_bin VALUES('graphviz','/bin/gc','8a4c17493e5c39769f79117937c79e1c88de6729');
INSERT INTO nixpkg_rev_bin VALUES('graphviz','/bin/gml2gv','8a4c17493e5c39769f79117937c79e1c88de6729');
INSERT INTO nixpkg_rev_bin VALUES('graphviz','/bin/graphml2gv','8a4c17493e5c39769f79117937c79e1c88de6729');
INSERT INTO nixpkg_rev_bin VALUES('graphviz','/bin/gv2gml','8a4c17493e5c39769f79117937c79e1c88de6729');
INSERT INTO nixpkg_rev_bin VALUES('graphviz','/bin/gv2gxl','8a4c17493e5c39769f79117937c79e1c88de6729');
INSERT INTO nixpkg_rev_bin VALUES('graphviz','/bin/gvcolor','8a4c17493e5c39769f79117937c79e1c88de6729');
INSERT INTO nixpkg_rev_bin VALUES('graphviz','/bin/gvgen','8a4c17493e5c39769f79117937c79e1c88de6729');
INSERT INTO nixpkg_rev_bin VALUES('graphviz','/bin/gvmap','8a4c17493e5c39769f79117937c79e1c88de6729');
INSERT INTO nixpkg_rev_bin VALUES('graphviz','/bin/gvmap.sh','8a4c17493e5c39769f79117937c79e1c88de6729');
INSERT INTO nixpkg_rev_bin VALUES('graphviz','/bin/gvpack','8a4c17493e5c39769f79117937c79e1c88de6729');
INSERT INTO nixpkg_rev_bin VALUES('graphviz','/bin/gvpr','8a4c17493e5c39769f79117937c79e1c88de6729');
INSERT INTO nixpkg_rev_bin VALUES('graphviz','/bin/gxl2dot','8a4c17493e5c39769f79117937c79e1c88de6729');
INSERT INTO nixpkg_rev_bin VALUES('graphviz','/bin/gxl2gv','8a4c17493e5c39769f79117937c79e1c88de6729');
INSERT INTO nixpkg_rev_bin VALUES('graphviz','/bin/mm2gv','8a4c17493e5c39769f79117937c79e1c88de6729');
INSERT INTO nixpkg_rev_bin VALUES('graphviz','/bin/neato','8a4c17493e5c39769f79117937c79e1c88de6729');
INSERT INTO nixpkg_rev_bin VALUES('graphviz','/bin/nop','8a4c17493e5c39769f79117937c79e1c88de6729');
INSERT INTO nixpkg_rev_bin VALUES('graphviz','/bin/osage','8a4c17493e5c39769f79117937c79e1c88de6729');
INSERT INTO nixpkg_rev_bin VALUES('graphviz','/bin/patchwork','8a4c17493e5c39769f79117937c79e1c88de6729');
INSERT INTO nixpkg_rev_bin VALUES('graphviz','/bin/prune','8a4c17493e5c39769f79117937c79e1c88de6729');
INSERT INTO nixpkg_rev_bin VALUES('graphviz','/bin/sccmap','8a4c17493e5c39769f79117937c79e1c88de6729');
INSERT INTO nixpkg_rev_bin VALUES('graphviz','/bin/sfdp','8a4c17493e5c39769f79117937c79e1c88de6729');
INSERT INTO nixpkg_rev_bin VALUES('graphviz','/bin/tred','8a4c17493e5c39769f79117937c79e1c88de6729');
INSERT INTO nixpkg_rev_bin VALUES('graphviz','/bin/twopi','8a4c17493e5c39769f79117937c79e1c88de6729');
INSERT INTO nixpkg_rev_bin VALUES('graphviz','/bin/unflatten','8a4c17493e5c39769f79117937c79e1c88de6729');
INSERT INTO nixpkg_rev_bin VALUES('graphviz','/bin/vimdot','8a4c17493e5c39769f79117937c79e1c88de6729');
INSERT INTO nixpkg_rev_bin VALUES('haskellPackages.dhall-bash','/bin/dhall-to-bash','8a4c17493e5c39769f79117937c79e1c88de6729');
INSERT INTO nixpkg_rev_bin VALUES('haskellPackages.dhall','/bin/dhall','8a4c17493e5c39769f79117937c79e1c88de6729');
INSERT INTO nixpkg_rev_bin VALUES('haskellPackages.dhall-json','/bin/dhall-to-json','8a4c17493e5c39769f79117937c79e1c88de6729');
INSERT INTO nixpkg_rev_bin VALUES('haskellPackages.dhall-json','/bin/dhall-to-yaml','8a4c17493e5c39769f79117937c79e1c88de6729');
INSERT INTO nixpkg_rev_bin VALUES('haskellPackages.dhall-json','/bin/json-to-dhall','8a4c17493e5c39769f79117937c79e1c88de6729');
INSERT INTO nixpkg_rev_bin VALUES('kubectl','/bin/kubectl','8a4c17493e5c39769f79117937c79e1c88de6729');
INSERT INTO nixpkg_rev_bin VALUES('libarchive','/bin/bsdcat','8a4c17493e5c39769f79117937c79e1c88de6729');
INSERT INTO nixpkg_rev_bin VALUES('libarchive','/bin/bsdcpio','8a4c17493e5c39769f79117937c79e1c88de6729');
INSERT INTO nixpkg_rev_bin VALUES('libarchive','/bin/bsdtar','8a4c17493e5c39769f79117937c79e1c88de6729');
INSERT INTO nixpkg_rev_bin VALUES('libjxl','/bin/benchmark_xl','8a4c17493e5c39769f79117937c79e1c88de6729');
INSERT INTO nixpkg_rev_bin VALUES('libjxl','/bin/cjpeg_hdr','8a4c17493e5c39769f79117937c79e1c88de6729');
INSERT INTO nixpkg_rev_bin VALUES('libjxl','/bin/cjxl','8a4c17493e5c39769f79117937c79e1c88de6729');
INSERT INTO nixpkg_rev_bin VALUES('libjxl','/bin/djxl','8a4c17493e5c39769f79117937c79e1c88de6729');
INSERT INTO nixpkg_rev_bin VALUES('libjxl','/bin/jxlinfo','8a4c17493e5c39769f79117937c79e1c88de6729');
INSERT INTO nixpkg_rev_bin VALUES('libwebp','/bin/cwebp','8a4c17493e5c39769f79117937c79e1c88de6729');
INSERT INTO nixpkg_rev_bin VALUES('libwebp','/bin/dwebp','8a4c17493e5c39769f79117937c79e1c88de6729');
INSERT INTO nixpkg_rev_bin VALUES('libwebp','/bin/gif2webp','8a4c17493e5c39769f79117937c79e1c88de6729');
INSERT INTO nixpkg_rev_bin VALUES('libwebp','/bin/img2webp','8a4c17493e5c39769f79117937c79e1c88de6729');
INSERT INTO nixpkg_rev_bin VALUES('libwebp','/bin/webpinfo','8a4c17493e5c39769f79117937c79e1c88de6729');
INSERT INTO nixpkg_rev_bin VALUES('libwebp','/bin/webpmux','8a4c17493e5c39769f79117937c79e1c88de6729');
INSERT INTO nixpkg_rev_bin VALUES('lnav','/bin/lnav','8a4c17493e5c39769f79117937c79e1c88de6729');
INSERT INTO nixpkg_rev_bin VALUES('lshw','/bin/lshw','8a4c17493e5c39769f79117937c79e1c88de6729');
INSERT INTO nixpkg_rev_bin VALUES('maturin','/bin/maturin','8a4c17493e5c39769f79117937c79e1c88de6729');
INSERT INTO nixpkg_rev_bin VALUES('miniupnpc','/bin/external-ip','8a4c17493e5c39769f79117937c79e1c88de6729');
INSERT INTO nixpkg_rev_bin VALUES('miniupnpc','/bin/upnpc','8a4c17493e5c39769f79117937c79e1c88de6729');
INSERT INTO nixpkg_rev_bin VALUES('mpvpaper','/bin/mpvpaper','8a4c17493e5c39769f79117937c79e1c88de6729');
INSERT INTO nixpkg_rev_bin VALUES('mpvpaper','/bin/mpvpaper-holder','8a4c17493e5c39769f79117937c79e1c88de6729');
INSERT INTO nixpkg_rev_bin VALUES('mypy','/bin/dmypy','8a4c17493e5c39769f79117937c79e1c88de6729');
INSERT INTO nixpkg_rev_bin VALUES('mypy','/bin/mypy','8a4c17493e5c39769f79117937c79e1c88de6729');
INSERT INTO nixpkg_rev_bin VALUES('mypy','/bin/mypyc','8a4c17493e5c39769f79117937c79e1c88de6729');
INSERT INTO nixpkg_rev_bin VALUES('mypy','/bin/stubgen','8a4c17493e5c39769f79117937c79e1c88de6729');
INSERT INTO nixpkg_rev_bin VALUES('mypy','/bin/stubtest','8a4c17493e5c39769f79117937c79e1c88de6729');
INSERT INTO nixpkg_rev_bin VALUES('ncdu','/bin/ncdu','8a4c17493e5c39769f79117937c79e1c88de6729');
INSERT INTO nixpkg_rev_bin VALUES('networkmanager','/bin/NetworkManager','8a4c17493e5c39769f79117937c79e1c88de6729');
INSERT INTO nixpkg_rev_bin VALUES('networkmanager','/bin/nmcli','8a4c17493e5c39769f79117937c79e1c88de6729');
INSERT INTO nixpkg_rev_bin VALUES('networkmanager','/bin/nm-online','8a4c17493e5c39769f79117937c79e1c88de6729');
INSERT INTO nixpkg_rev_bin VALUES('networkmanager','/bin/nmtui','8a4c17493e5c39769f79117937c79e1c88de6729');
INSERT INTO nixpkg_rev_bin VALUES('networkmanager','/bin/nmtui-connect','8a4c17493e5c39769f79117937c79e1c88de6729');
INSERT INTO nixpkg_rev_bin VALUES('networkmanager','/bin/nmtui-edit','8a4c17493e5c39769f79117937c79e1c88de6729');
INSERT INTO nixpkg_rev_bin VALUES('networkmanager','/bin/nmtui-hostname','8a4c17493e5c39769f79117937c79e1c88de6729');
INSERT INTO nixpkg_rev_bin VALUES('nix-bundle','/bin/nix-bundle','8a4c17493e5c39769f79117937c79e1c88de6729');
INSERT INTO nixpkg_rev_bin VALUES('nix-bundle','/bin/nix-run','8a4c17493e5c39769f79117937c79e1c88de6729');
INSERT INTO nixpkg_rev_bin VALUES('nix-index','/bin/nix-channel-index','8a4c17493e5c39769f79117937c79e1c88de6729');
INSERT INTO nixpkg_rev_bin VALUES('nix-index','/bin/nix-index','8a4c17493e5c39769f79117937c79e1c88de6729');
INSERT INTO nixpkg_rev_bin VALUES('nix-index','/bin/nix-locate','8a4c17493e5c39769f79117937c79e1c88de6729');
INSERT INTO nixpkg_rev_bin VALUES('nix-tree','/bin/nix-tree','8a4c17493e5c39769f79117937c79e1c88de6729');
INSERT INTO nixpkg_rev_bin VALUES('oath-toolkit','/bin/oathtool','8a4c17493e5c39769f79117937c79e1c88de6729');
INSERT INTO nixpkg_rev_bin VALUES('openldap','/bin/ldapadd','8a4c17493e5c39769f79117937c79e1c88de6729');
INSERT INTO nixpkg_rev_bin VALUES('openldap','/bin/ldapcompare','8a4c17493e5c39769f79117937c79e1c88de6729');
INSERT INTO nixpkg_rev_bin VALUES('openldap','/bin/ldapdelete','8a4c17493e5c39769f79117937c79e1c88de6729');
INSERT INTO nixpkg_rev_bin VALUES('openldap','/bin/ldapexop','8a4c17493e5c39769f79117937c79e1c88de6729');
INSERT INTO nixpkg_rev_bin VALUES('openldap','/bin/ldapmodify','8a4c17493e5c39769f79117937c79e1c88de6729');
INSERT INTO nixpkg_rev_bin VALUES('openldap','/bin/ldapmodrdn','8a4c17493e5c39769f79117937c79e1c88de6729');
INSERT INTO nixpkg_rev_bin VALUES('openldap','/bin/ldappasswd','8a4c17493e5c39769f79117937c79e1c88de6729');
INSERT INTO nixpkg_rev_bin VALUES('openldap','/bin/ldapsearch','8a4c17493e5c39769f79117937c79e1c88de6729');
INSERT INTO nixpkg_rev_bin VALUES('openldap','/bin/ldapurl','8a4c17493e5c39769f79117937c79e1c88de6729');
INSERT INTO nixpkg_rev_bin VALUES('openldap','/bin/ldapvc','8a4c17493e5c39769f79117937c79e1c88de6729');
INSERT INTO nixpkg_rev_bin VALUES('openldap','/bin/ldapwhoami','8a4c17493e5c39769f79117937c79e1c88de6729');
INSERT INTO nixpkg_rev_bin VALUES('openldap','/bin/slapacl','8a4c17493e5c39769f79117937c79e1c88de6729');
INSERT INTO nixpkg_rev_bin VALUES('openldap','/bin/slapadd','8a4c17493e5c39769f79117937c79e1c88de6729');
INSERT INTO nixpkg_rev_bin VALUES('openldap','/bin/slapauth','8a4c17493e5c39769f79117937c79e1c88de6729');
INSERT INTO nixpkg_rev_bin VALUES('openldap','/bin/slapcat','8a4c17493e5c39769f79117937c79e1c88de6729');
INSERT INTO nixpkg_rev_bin VALUES('openldap','/bin/slapdn','8a4c17493e5c39769f79117937c79e1c88de6729');
INSERT INTO nixpkg_rev_bin VALUES('openldap','/bin/slapindex','8a4c17493e5c39769f79117937c79e1c88de6729');
INSERT INTO nixpkg_rev_bin VALUES('openldap','/bin/slapmodify','8a4c17493e5c39769f79117937c79e1c88de6729');
INSERT INTO nixpkg_rev_bin VALUES('openldap','/bin/slappasswd','8a4c17493e5c39769f79117937c79e1c88de6729');
INSERT INTO nixpkg_rev_bin VALUES('openldap','/bin/slapschema','8a4c17493e5c39769f79117937c79e1c88de6729');
INSERT INTO nixpkg_rev_bin VALUES('openldap','/bin/slaptest','8a4c17493e5c39769f79117937c79e1c88de6729');
INSERT INTO nixpkg_rev_bin VALUES('openssl','/bin/c_rehash','8a4c17493e5c39769f79117937c79e1c88de6729');
INSERT INTO nixpkg_rev_bin VALUES('openssl','/bin/openssl','8a4c17493e5c39769f79117937c79e1c88de6729');
INSERT INTO nixpkg_rev_bin VALUES('overmind','/bin/overmind','8a4c17493e5c39769f79117937c79e1c88de6729');
INSERT INTO nixpkg_rev_bin VALUES('parallel','/bin/env_parallel','8a4c17493e5c39769f79117937c79e1c88de6729');
INSERT INTO nixpkg_rev_bin VALUES('parallel','/bin/env_parallel.ash','8a4c17493e5c39769f79117937c79e1c88de6729');
INSERT INTO nixpkg_rev_bin VALUES('parallel','/bin/env_parallel.bash','8a4c17493e5c39769f79117937c79e1c88de6729');
INSERT INTO nixpkg_rev_bin VALUES('parallel','/bin/env_parallel.csh','8a4c17493e5c39769f79117937c79e1c88de6729');
INSERT INTO nixpkg_rev_bin VALUES('parallel','/bin/env_parallel.dash','8a4c17493e5c39769f79117937c79e1c88de6729');
INSERT INTO nixpkg_rev_bin VALUES('parallel','/bin/env_parallel.fish','8a4c17493e5c39769f79117937c79e1c88de6729');
INSERT INTO nixpkg_rev_bin VALUES('parallel','/bin/env_parallel.ksh','8a4c17493e5c39769f79117937c79e1c88de6729');
INSERT INTO nixpkg_rev_bin VALUES('parallel','/bin/env_parallel.mksh','8a4c17493e5c39769f79117937c79e1c88de6729');
INSERT INTO nixpkg_rev_bin VALUES('parallel','/bin/env_parallel.pdksh','8a4c17493e5c39769f79117937c79e1c88de6729');
INSERT INTO nixpkg_rev_bin VALUES('parallel','/bin/env_parallel.sh','8a4c17493e5c39769f79117937c79e1c88de6729');
INSERT INTO nixpkg_rev_bin VALUES('parallel','/bin/env_parallel.tcsh','8a4c17493e5c39769f79117937c79e1c88de6729');
INSERT INTO nixpkg_rev_bin VALUES('parallel','/bin/env_parallel.zsh','8a4c17493e5c39769f79117937c79e1c88de6729');
INSERT INTO nixpkg_rev_bin VALUES('parallel','/bin/niceload','8a4c17493e5c39769f79117937c79e1c88de6729');
INSERT INTO nixpkg_rev_bin VALUES('parallel','/bin/parallel','8a4c17493e5c39769f79117937c79e1c88de6729');
INSERT INTO nixpkg_rev_bin VALUES('parallel','/bin/parcat','8a4c17493e5c39769f79117937c79e1c88de6729');
INSERT INTO nixpkg_rev_bin VALUES('parallel','/bin/parset','8a4c17493e5c39769f79117937c79e1c88de6729');
INSERT INTO nixpkg_rev_bin VALUES('parallel','/bin/parsort','8a4c17493e5c39769f79117937c79e1c88de6729');
INSERT INTO nixpkg_rev_bin VALUES('parallel','/bin/sem','8a4c17493e5c39769f79117937c79e1c88de6729');
INSERT INTO nixpkg_rev_bin VALUES('parallel','/bin/sql','8a4c17493e5c39769f79117937c79e1c88de6729');
INSERT INTO nixpkg_rev_bin VALUES('pipectl','/bin/pipectl','8a4c17493e5c39769f79117937c79e1c88de6729');
INSERT INTO nixpkg_rev_bin VALUES('pipx','/bin/pipx','8a4c17493e5c39769f79117937c79e1c88de6729');
INSERT INTO nixpkg_rev_bin VALUES('playerctl','/bin/playerctl','8a4c17493e5c39769f79117937c79e1c88de6729');
INSERT INTO nixpkg_rev_bin VALUES('playerctl','/bin/playerctld','8a4c17493e5c39769f79117937c79e1c88de6729');
INSERT INTO nixpkg_rev_bin VALUES('poppler_utils','/bin/pdfattach','8a4c17493e5c39769f79117937c79e1c88de6729');
INSERT INTO nixpkg_rev_bin VALUES('poppler_utils','/bin/pdfdetach','8a4c17493e5c39769f79117937c79e1c88de6729');
INSERT INTO nixpkg_rev_bin VALUES('poppler_utils','/bin/pdffonts','8a4c17493e5c39769f79117937c79e1c88de6729');
INSERT INTO nixpkg_rev_bin VALUES('poppler_utils','/bin/pdfimages','8a4c17493e5c39769f79117937c79e1c88de6729');
INSERT INTO nixpkg_rev_bin VALUES('poppler_utils','/bin/pdfinfo','8a4c17493e5c39769f79117937c79e1c88de6729');
INSERT INTO nixpkg_rev_bin VALUES('poppler_utils','/bin/pdfseparate','8a4c17493e5c39769f79117937c79e1c88de6729');
INSERT INTO nixpkg_rev_bin VALUES('poppler_utils','/bin/pdfsig','8a4c17493e5c39769f79117937c79e1c88de6729');
INSERT INTO nixpkg_rev_bin VALUES('poppler_utils','/bin/pdftocairo','8a4c17493e5c39769f79117937c79e1c88de6729');
INSERT INTO nixpkg_rev_bin VALUES('poppler_utils','/bin/pdftohtml','8a4c17493e5c39769f79117937c79e1c88de6729');
INSERT INTO nixpkg_rev_bin VALUES('poppler_utils','/bin/pdftoppm','8a4c17493e5c39769f79117937c79e1c88de6729');
INSERT INTO nixpkg_rev_bin VALUES('poppler_utils','/bin/pdftops','8a4c17493e5c39769f79117937c79e1c88de6729');
INSERT INTO nixpkg_rev_bin VALUES('poppler_utils','/bin/pdftotext','8a4c17493e5c39769f79117937c79e1c88de6729');
INSERT INTO nixpkg_rev_bin VALUES('poppler_utils','/bin/pdfunite','8a4c17493e5c39769f79117937c79e1c88de6729');
INSERT INTO nixpkg_rev_bin VALUES('progress','/bin/progress','8a4c17493e5c39769f79117937c79e1c88de6729');
INSERT INTO nixpkg_rev_bin VALUES('pv','/bin/pv','8a4c17493e5c39769f79117937c79e1c88de6729');
INSERT INTO nixpkg_rev_bin VALUES('python311Packages.zfec','/bin/zfec','8a4c17493e5c39769f79117937c79e1c88de6729');
INSERT INTO nixpkg_rev_bin VALUES('python311Packages.zfec','/bin/zunfec','8a4c17493e5c39769f79117937c79e1c88de6729');
INSERT INTO nixpkg_rev_bin VALUES('rancher','/bin/rancher','8a4c17493e5c39769f79117937c79e1c88de6729');
INSERT INTO nixpkg_rev_bin VALUES('rclone','/bin/rclone','8a4c17493e5c39769f79117937c79e1c88de6729');
INSERT INTO nixpkg_rev_bin VALUES('rfc','/bin/rfc','8a4c17493e5c39769f79117937c79e1c88de6729');
INSERT INTO nixpkg_rev_bin VALUES('roc-toolkit','/bin/roc-conv','8a4c17493e5c39769f79117937c79e1c88de6729');
INSERT INTO nixpkg_rev_bin VALUES('roc-toolkit','/bin/roc-recv','8a4c17493e5c39769f79117937c79e1c88de6729');
INSERT INTO nixpkg_rev_bin VALUES('roc-toolkit','/bin/roc-send','8a4c17493e5c39769f79117937c79e1c88de6729');
INSERT INTO nixpkg_rev_bin VALUES('ruff','/bin/ruff','8a4c17493e5c39769f79117937c79e1c88de6729');
INSERT INTO nixpkg_rev_bin VALUES('shellcheck','/bin/shellcheck','8a4c17493e5c39769f79117937c79e1c88de6729');
INSERT INTO nixpkg_rev_bin VALUES('shellharden','/bin/shellharden','8a4c17493e5c39769f79117937c79e1c88de6729');
INSERT INTO nixpkg_rev_bin VALUES('shfmt','/bin/shfmt','8a4c17493e5c39769f79117937c79e1c88de6729');
INSERT INTO nixpkg_rev_bin VALUES('sqlar','/bin/sqlar','8a4c17493e5c39769f79117937c79e1c88de6729');
INSERT INTO nixpkg_rev_bin VALUES('sqlar','/bin/sqlarfs','8a4c17493e5c39769f79117937c79e1c88de6729');
INSERT INTO nixpkg_rev_bin VALUES('sqldiff','/bin/sqldiff','8a4c17493e5c39769f79117937c79e1c88de6729');
INSERT INTO nixpkg_rev_bin VALUES('sqlite-analyzer','/bin/sqlite3_analyzer','8a4c17493e5c39769f79117937c79e1c88de6729');
INSERT INTO nixpkg_rev_bin VALUES('sqlite-interactive','/bin/sqlite3','8a4c17493e5c39769f79117937c79e1c88de6729');
INSERT INTO nixpkg_rev_bin VALUES('squashfuse','/bin/squashfuse','8a4c17493e5c39769f79117937c79e1c88de6729');
INSERT INTO nixpkg_rev_bin VALUES('squashfuse','/bin/squashfuse_ll','8a4c17493e5c39769f79117937c79e1c88de6729');
INSERT INTO nixpkg_rev_bin VALUES('syncthing','/bin/syncthing','8a4c17493e5c39769f79117937c79e1c88de6729');
INSERT INTO nixpkg_rev_bin VALUES('sysstat','/bin/cifsiostat','8a4c17493e5c39769f79117937c79e1c88de6729');
INSERT INTO nixpkg_rev_bin VALUES('sysstat','/bin/iostat','8a4c17493e5c39769f79117937c79e1c88de6729');
INSERT INTO nixpkg_rev_bin VALUES('sysstat','/bin/mpstat','8a4c17493e5c39769f79117937c79e1c88de6729');
INSERT INTO nixpkg_rev_bin VALUES('sysstat','/bin/pidstat','8a4c17493e5c39769f79117937c79e1c88de6729');
INSERT INTO nixpkg_rev_bin VALUES('sysstat','/bin/sadf','8a4c17493e5c39769f79117937c79e1c88de6729');
INSERT INTO nixpkg_rev_bin VALUES('sysstat','/bin/sar','8a4c17493e5c39769f79117937c79e1c88de6729');
INSERT INTO nixpkg_rev_bin VALUES('sysstat','/bin/tapestat','8a4c17493e5c39769f79117937c79e1c88de6729');
INSERT INTO nixpkg_rev_bin VALUES('tiptop','/bin/ptiptop','8a4c17493e5c39769f79117937c79e1c88de6729');
INSERT INTO nixpkg_rev_bin VALUES('tiptop','/bin/tiptop','8a4c17493e5c39769f79117937c79e1c88de6729');
INSERT INTO nixpkg_rev_bin VALUES('tmux','/bin/tmux','8a4c17493e5c39769f79117937c79e1c88de6729');
INSERT INTO nixpkg_rev_bin VALUES('transmission','/bin/transmission-cli','8a4c17493e5c39769f79117937c79e1c88de6729');
INSERT INTO nixpkg_rev_bin VALUES('transmission','/bin/transmission-create','8a4c17493e5c39769f79117937c79e1c88de6729');
INSERT INTO nixpkg_rev_bin VALUES('transmission','/bin/transmission-daemon','8a4c17493e5c39769f79117937c79e1c88de6729');
INSERT INTO nixpkg_rev_bin VALUES('transmission','/bin/transmission-edit','8a4c17493e5c39769f79117937c79e1c88de6729');
INSERT INTO nixpkg_rev_bin VALUES('transmission','/bin/transmission-remote','8a4c17493e5c39769f79117937c79e1c88de6729');
INSERT INTO nixpkg_rev_bin VALUES('transmission','/bin/transmission-show','8a4c17493e5c39769f79117937c79e1c88de6729');
INSERT INTO nixpkg_rev_bin VALUES('unpaper','/bin/unpaper','8a4c17493e5c39769f79117937c79e1c88de6729');
INSERT INTO nixpkg_rev_bin VALUES('vips','/bin/vips','8a4c17493e5c39769f79117937c79e1c88de6729');
INSERT INTO nixpkg_rev_bin VALUES('vips','/bin/vipsedit','8a4c17493e5c39769f79117937c79e1c88de6729');
INSERT INTO nixpkg_rev_bin VALUES('vips','/bin/vipsheader','8a4c17493e5c39769f79117937c79e1c88de6729');
INSERT INTO nixpkg_rev_bin VALUES('vips','/bin/vipsprofile','8a4c17493e5c39769f79117937c79e1c88de6729');
INSERT INTO nixpkg_rev_bin VALUES('vips','/bin/vipsthumbnail','8a4c17493e5c39769f79117937c79e1c88de6729');
INSERT INTO nixpkg_rev_bin VALUES('wayland-utils','/bin/wayland-info','8a4c17493e5c39769f79117937c79e1c88de6729');
INSERT INTO nixpkg_rev_bin VALUES('waypipe','/bin/waypipe','8a4c17493e5c39769f79117937c79e1c88de6729');
INSERT INTO nixpkg_rev_bin VALUES('wayvnc','/bin/wayvnc','8a4c17493e5c39769f79117937c79e1c88de6729');
INSERT INTO nixpkg_rev_bin VALUES('wayvnc','/bin/wayvncctl','8a4c17493e5c39769f79117937c79e1c88de6729');
INSERT INTO nixpkg_rev_bin VALUES('wdomirror','/bin/wdomirror','8a4c17493e5c39769f79117937c79e1c88de6729');
INSERT INTO nixpkg_rev_bin VALUES('wev','/bin/wev','8a4c17493e5c39769f79117937c79e1c88de6729');
INSERT INTO nixpkg_rev_bin VALUES('wf-recorder','/bin/wf-recorder','8a4c17493e5c39769f79117937c79e1c88de6729');
INSERT INTO nixpkg_rev_bin VALUES('wl-clipboard','/bin/wl-copy','8a4c17493e5c39769f79117937c79e1c88de6729');
INSERT INTO nixpkg_rev_bin VALUES('wl-clipboard','/bin/wl-paste','8a4c17493e5c39769f79117937c79e1c88de6729');
INSERT INTO nixpkg_rev_bin VALUES('wl-mirror','/bin/wl-mirror','8a4c17493e5c39769f79117937c79e1c88de6729');
INSERT INTO nixpkg_rev_bin VALUES('wl-mirror','/bin/wl-present','8a4c17493e5c39769f79117937c79e1c88de6729');
INSERT INTO nixpkg_rev_bin VALUES('wlrctl','/bin/wlrctl','8a4c17493e5c39769f79117937c79e1c88de6729');
INSERT INTO nixpkg_rev_bin VALUES('wmctrl','/bin/wmctrl','8a4c17493e5c39769f79117937c79e1c88de6729');
INSERT INTO nixpkg_rev_bin VALUES('wtype','/bin/wtype','8a4c17493e5c39769f79117937c79e1c88de6729');
INSERT INTO nixpkg_rev_bin VALUES('xfce.exo','/bin/exo-desktop-item-edit','8a4c17493e5c39769f79117937c79e1c88de6729');
INSERT INTO nixpkg_rev_bin VALUES('xfce.exo','/bin/exo-open','8a4c17493e5c39769f79117937c79e1c88de6729');
INSERT INTO nixpkg_rev_bin VALUES('xfce.gigolo','/bin/gigolo','8a4c17493e5c39769f79117937c79e1c88de6729');
INSERT INTO nixpkg_rev_bin VALUES('xorg.xrandr','/bin/xrandr','8a4c17493e5c39769f79117937c79e1c88de6729');
INSERT INTO nixpkg_rev_bin VALUES('xterm','/bin/koi8rxterm','8a4c17493e5c39769f79117937c79e1c88de6729');
INSERT INTO nixpkg_rev_bin VALUES('xterm','/bin/resize','8a4c17493e5c39769f79117937c79e1c88de6729');
INSERT INTO nixpkg_rev_bin VALUES('xterm','/bin/uxterm','8a4c17493e5c39769f79117937c79e1c88de6729');
INSERT INTO nixpkg_rev_bin VALUES('xterm','/bin/xterm','8a4c17493e5c39769f79117937c79e1c88de6729');
INSERT INTO nixpkg_rev_bin VALUES('zathura','/bin/zathura','8a4c17493e5c39769f79117937c79e1c88de6729');
INSERT INTO nixpkg_rev_bin VALUES('zstd','/bin/pzstd','8a4c17493e5c39769f79117937c79e1c88de6729');
INSERT INTO nixpkg_rev_bin VALUES('zstd','/bin/unzstd','8a4c17493e5c39769f79117937c79e1c88de6729');
INSERT INTO nixpkg_rev_bin VALUES('zstd','/bin/zstd','8a4c17493e5c39769f79117937c79e1c88de6729');
INSERT INTO nixpkg_rev_bin VALUES('zstd','/bin/zstdcat','8a4c17493e5c39769f79117937c79e1c88de6729');
INSERT INTO nixpkg_rev_bin VALUES('zstd','/bin/zstdgrep','8a4c17493e5c39769f79117937c79e1c88de6729');
INSERT INTO nixpkg_rev_bin VALUES('zstd','/bin/zstdless','8a4c17493e5c39769f79117937c79e1c88de6729');
INSERT INTO nixpkg_rev_bin VALUES('zstd','/bin/zstdmt','8a4c17493e5c39769f79117937c79e1c88de6729');
CREATE TABLE IF NOT EXISTS "nixpkg_rev"
(
    pname TEXT not null
        references nixpkg,
    rev   TEXT not null
        references rev,
    etc   TEXT,
    primary key (pname, rev)
);
INSERT INTO nixpkg_rev VALUES('alejandra','8a4c17493e5c39769f79117937c79e1c88de6729','/nix/store/9a2fjlwfiag3w2hgfqn81b83gndfi08a-alejandra-3.0.0');
INSERT INTO nixpkg_rev VALUES('aria','8a4c17493e5c39769f79117937c79e1c88de6729','/nix/store/6r1v499jmykx37dr3vslzzs4djdmalzp-aria2-1.36.0-bin');
INSERT INTO nixpkg_rev VALUES('atomicparsley','8a4c17493e5c39769f79117937c79e1c88de6729','/nix/store/bnksvc6wgyfcwxmnj7s2r7lv9pxk07cw-atomicparsley-20221229.172126.d813aa6');
INSERT INTO nixpkg_rev VALUES('atuin','8a4c17493e5c39769f79117937c79e1c88de6729','/nix/store/plgbg3qa1pxfx3i2rv37jhv7j9c4020s-atuin-14.0.1');
INSERT INTO nixpkg_rev VALUES('bash-preexec','8a4c17493e5c39769f79117937c79e1c88de6729','/nix/store/8lbh527jy1imjvwsi792qgqmg2dlfmqs-bash-preexec-0.5.0');
INSERT INTO nixpkg_rev VALUES('bindfs','8a4c17493e5c39769f79117937c79e1c88de6729','/nix/store/v5bfiyp3hkrjcl24vapss4hs8i2lr87l-bindfs-1.17.2');
INSERT INTO nixpkg_rev VALUES('bitwarden-cli','8a4c17493e5c39769f79117937c79e1c88de6729','/nix/store/j3ldz1dbpsiajfznddpzwkml9lwawwsn-bitwarden-cli-2023.4.0');
INSERT INTO nixpkg_rev VALUES('black','8a4c17493e5c39769f79117937c79e1c88de6729','/nix/store/d2zqw8vws93hs4lgscml0ljpr35j7b1s-python3.10-black-23.1.0');
INSERT INTO nixpkg_rev VALUES('borgbackup','8a4c17493e5c39769f79117937c79e1c88de6729','/nix/store/fq7ib0symgsj05gapni7yw2nj9gvr7di-borgbackup-1.2.6');
INSERT INTO nixpkg_rev VALUES('cntr','8a4c17493e5c39769f79117937c79e1c88de6729','/nix/store/bbqa772yi8nkxbsdh3a4qaq9r05nijif-cntr-1.5.1');
INSERT INTO nixpkg_rev VALUES('deno','8a4c17493e5c39769f79117937c79e1c88de6729','/nix/store/sl6f00dafhng5s31micmrm92fzrpb8jf-deno-1.33.3');
INSERT INTO nixpkg_rev VALUES('dialog','8a4c17493e5c39769f79117937c79e1c88de6729','/nix/store/13xgbnqp1ya8jhvkvnd6iyn0xw2sn9li-dialog-1.3-20220728');
INSERT INTO nixpkg_rev VALUES('dig','8a4c17493e5c39769f79117937c79e1c88de6729','/nix/store/fl9bzkrkda8frh8icj9c4h1235ykwyl8-bind-9.18.19-dnsutils');
INSERT INTO nixpkg_rev VALUES('dmtx-utils','8a4c17493e5c39769f79117937c79e1c88de6729','/nix/store/4phfak4hwsr4q5slsrkz9cgs238p30f8-dmtx-utils-0.7.6');
INSERT INTO nixpkg_rev VALUES('docker-client','8a4c17493e5c39769f79117937c79e1c88de6729','/nix/store/rz3nri5g76ndaky3007x0h9xrfk24vy4-docker-20.10.25');
INSERT INTO nixpkg_rev VALUES('docker-compose','8a4c17493e5c39769f79117937c79e1c88de6729','/nix/store/g83f4vv1w42s3r2s0ynx23lky5gf3ib5-docker-compose-2.18.1');
INSERT INTO nixpkg_rev VALUES('ffmpeg_6-full','8a4c17493e5c39769f79117937c79e1c88de6729','/nix/store/88lpsbry7i7pkg9h151m6qiads84r1sd-ffmpeg-full-6.0-bin');
INSERT INTO nixpkg_rev VALUES('gifsicle','8a4c17493e5c39769f79117937c79e1c88de6729','/nix/store/059dbf0h6s13xwf9mn9ck2najw7s2b80-gifsicle-1.94');
INSERT INTO nixpkg_rev VALUES('gitfs','8a4c17493e5c39769f79117937c79e1c88de6729','/nix/store/k9fsvqxv249mv77awf9ar6swzpsnj7fq-gitfs-0.5.2');
INSERT INTO nixpkg_rev VALUES('git-lfs','8a4c17493e5c39769f79117937c79e1c88de6729','/nix/store/6j33bwyg6xn3yq3pi0dp5fd3z4gh55fa-git-lfs-3.3.0');
INSERT INTO nixpkg_rev VALUES('gitui','8a4c17493e5c39769f79117937c79e1c88de6729','/nix/store/m0mrls2yzjk5mg09nm3i7cq8sqwplf93-gitui-0.23.0');
INSERT INTO nixpkg_rev VALUES('gmic','8a4c17493e5c39769f79117937c79e1c88de6729','/nix/store/z45ka2cdhdidf3brhz7ylbkd4wdp9k34-gmic-3.2.4');
INSERT INTO nixpkg_rev VALUES('gnupatch','8a4c17493e5c39769f79117937c79e1c88de6729','/nix/store/0cw69kwj62xnid3bkcd3lylnwz7w6gn8-patch-2.7.6');
INSERT INTO nixpkg_rev VALUES('graalvm-ce','8a4c17493e5c39769f79117937c79e1c88de6729','/nix/store/w57g6vil7rd658zz3fw0f58if5d2i42n-graalvm11-ce-22.3.1');
INSERT INTO nixpkg_rev VALUES('graphviz','8a4c17493e5c39769f79117937c79e1c88de6729','/nix/store/gh08grj1vyjlmp1pml2ag35yyz8dw8cg-graphviz-7.1.0');
INSERT INTO nixpkg_rev VALUES('haskellPackages.dhall','8a4c17493e5c39769f79117937c79e1c88de6729','/nix/store/8qj06b21600l5ncp9j35y3sgxxa1yjgg-dhall-1.41.2');
INSERT INTO nixpkg_rev VALUES('haskellPackages.dhall-bash','8a4c17493e5c39769f79117937c79e1c88de6729','/nix/store/x48p848yj2ny1asqy4h4rmmxl9i0s4y1-dhall-bash-1.0.40');
INSERT INTO nixpkg_rev VALUES('haskellPackages.dhall-json','8a4c17493e5c39769f79117937c79e1c88de6729','/nix/store/vylqw4h9b6j33dp4l34zf56ylxqklhgj-dhall-json-1.7.11');
INSERT INTO nixpkg_rev VALUES('kubectl','8a4c17493e5c39769f79117937c79e1c88de6729','/nix/store/x52kdcp6d7b4mscgwzard9xp9j4ybr7v-kubectl-1.27.1');
INSERT INTO nixpkg_rev VALUES('libarchive','8a4c17493e5c39769f79117937c79e1c88de6729','/nix/store/zzwm1rrdign5f94wsqwwgh8yzsziwz9b-libarchive-3.6.2');
INSERT INTO nixpkg_rev VALUES('libjxl','8a4c17493e5c39769f79117937c79e1c88de6729','/nix/store/142g7bd9kvsva9vfixy6a79xfq2dzxs9-libjxl-0.8.2');
INSERT INTO nixpkg_rev VALUES('libwebp','8a4c17493e5c39769f79117937c79e1c88de6729','/nix/store/x2l8fbmgvq26wm4b5pla0vf2b1j03syi-libwebp-1.3.1');
INSERT INTO nixpkg_rev VALUES('lnav','8a4c17493e5c39769f79117937c79e1c88de6729','/nix/store/ks2dd89gskcwi8x45hvsrazjj1jjp4gl-lnav-0.11.1');
INSERT INTO nixpkg_rev VALUES('lshw','8a4c17493e5c39769f79117937c79e1c88de6729','/nix/store/n9vgnrs8y858bhqf55kgdg4464ldk6yk-lshw-02.19');
INSERT INTO nixpkg_rev VALUES('maturin','8a4c17493e5c39769f79117937c79e1c88de6729','/nix/store/nix9fxyh1hw7gwlvc7wy4mi1wyxj1m72-maturin-0.14.17');
INSERT INTO nixpkg_rev VALUES('miniupnpc','8a4c17493e5c39769f79117937c79e1c88de6729','/nix/store/mc2jjqzhpgnckrfqnmnajvni4f8hqnv1-miniupnpc-2.2.4');
INSERT INTO nixpkg_rev VALUES('mpvpaper','8a4c17493e5c39769f79117937c79e1c88de6729','/nix/store/qyw3k9yqsp0k59ggr5bbilaadbsnc4bn-mpvpaper-1.3');
INSERT INTO nixpkg_rev VALUES('mypy','8a4c17493e5c39769f79117937c79e1c88de6729','/nix/store/cxs8hr7hi6dq1jz83aid6lvdc1msdiy3-python3.10-mypy-1.0.1');
INSERT INTO nixpkg_rev VALUES('ncdu','8a4c17493e5c39769f79117937c79e1c88de6729','/nix/store/47s0l1bc9hbfp7a3fnngvbzbmw276p90-ncdu-2.2.2');
INSERT INTO nixpkg_rev VALUES('networkmanager','8a4c17493e5c39769f79117937c79e1c88de6729','/nix/store/jjnwy5hcm2nman8979nb2kqj4qs658wz-networkmanager-1.42.8');
INSERT INTO nixpkg_rev VALUES('nix-bundle','8a4c17493e5c39769f79117937c79e1c88de6729','/nix/store/kxwyi3kdj261522p4dm9jkpacq7x57rr-nix-bundle-0.4.1');
INSERT INTO nixpkg_rev VALUES('nix-index','8a4c17493e5c39769f79117937c79e1c88de6729','/nix/store/r9wganc67vkzi2g1kf3xlq4fld87q96a-nix-index-0.1.5');
INSERT INTO nixpkg_rev VALUES('nix-tree','8a4c17493e5c39769f79117937c79e1c88de6729','/nix/store/jlrgna775daihx2bpx4a23p1m9pjxpa4-nix-tree-0.3.1');
INSERT INTO nixpkg_rev VALUES('nodePackages.pyright','8a4c17493e5c39769f79117937c79e1c88de6729','/nix/store/30lhrlnz447c8hvfqvaaspijl68n5qd0-pyright-1.1.309');
INSERT INTO nixpkg_rev VALUES('oath-toolkit','8a4c17493e5c39769f79117937c79e1c88de6729','/nix/store/y1giyhmmkspzp0d98kahfprj9ydq7y50-oath-toolkit-2.6.7');
INSERT INTO nixpkg_rev VALUES('openldap','8a4c17493e5c39769f79117937c79e1c88de6729','/nix/store/f8zyag9rmwfgmrv8anfwljxqrg1qyhaw-openldap-2.6.4');
INSERT INTO nixpkg_rev VALUES('openssl','8a4c17493e5c39769f79117937c79e1c88de6729','/nix/store/5x0cf6xglh7h6qszkflll6fspgl39jrb-openssl-3.0.10-bin');
INSERT INTO nixpkg_rev VALUES('overmind','8a4c17493e5c39769f79117937c79e1c88de6729','/nix/store/4fygi2xp6rq13k489pkjxvc0ndv9hqrf-overmind-2.4.0');
INSERT INTO nixpkg_rev VALUES('parallel','8a4c17493e5c39769f79117937c79e1c88de6729','/nix/store/jf7g0bhcfm0lvkk4yj5716l2nqsg525i-parallel-20230422');
INSERT INTO nixpkg_rev VALUES('pipectl','8a4c17493e5c39769f79117937c79e1c88de6729','/nix/store/d2i4kyh4m2bbmspkinnhi2a4ndsx2rv5-pipectl-0.4.1');
INSERT INTO nixpkg_rev VALUES('pipx','8a4c17493e5c39769f79117937c79e1c88de6729','/nix/store/p5jjmi3nkgvib1s2a963zqwm69z34xlx-python3.10-pipx-1.2.0');
INSERT INTO nixpkg_rev VALUES('playerctl','8a4c17493e5c39769f79117937c79e1c88de6729','/nix/store/6yc2fk5gq1w1cwzr4dpyr9v5nvg1l6bd-playerctl-2.4.1');
INSERT INTO nixpkg_rev VALUES('poppler_utils','8a4c17493e5c39769f79117937c79e1c88de6729','/nix/store/2mvbb7633mkss5f76pmdf9333a02lvdn-poppler-utils-23.02.0');
INSERT INTO nixpkg_rev VALUES('progress','8a4c17493e5c39769f79117937c79e1c88de6729','/nix/store/fajvf740y21xq0vikdv3mjcxj8qm3qil-progress-0.16');
INSERT INTO nixpkg_rev VALUES('pv','8a4c17493e5c39769f79117937c79e1c88de6729','/nix/store/vxq7rv2dlszyazx77i11xy3r0b4fpk0b-pv-1.6.20');
INSERT INTO nixpkg_rev VALUES('python311Packages.zfec','8a4c17493e5c39769f79117937c79e1c88de6729','/nix/store/iiy3jz7jrxb87ly9z819l7nzbwasbn5g-python3.11-zfec-1.5.7.2');
INSERT INTO nixpkg_rev VALUES('rancher','8a4c17493e5c39769f79117937c79e1c88de6729','/nix/store/h7g47b5x984yhmd02anj1b0xc82vmjf1-rancher-2.7.0');
INSERT INTO nixpkg_rev VALUES('rclone','8a4c17493e5c39769f79117937c79e1c88de6729','/nix/store/lqcsqpq7j6incicgjf1bxv1mj1jpxzvx-rclone-1.62.2');
INSERT INTO nixpkg_rev VALUES('rfc','8a4c17493e5c39769f79117937c79e1c88de6729','/nix/store/llv2r0jdwwcllvm2pys0gh2s229mgfr4-rfc-0.2.6');
INSERT INTO nixpkg_rev VALUES('roc-toolkit','8a4c17493e5c39769f79117937c79e1c88de6729','/nix/store/3sppw8f0pksz5iiml83hdvmk9hm1wcbn-roc-toolkit-0.2.3');
INSERT INTO nixpkg_rev VALUES('ruff','8a4c17493e5c39769f79117937c79e1c88de6729','/nix/store/k9a03q30jyhc9cghj6q2bgaig2gsgqbz-ruff-0.0.269');
INSERT INTO nixpkg_rev VALUES('shellcheck','8a4c17493e5c39769f79117937c79e1c88de6729','/nix/store/gaz50r8mc3vasijwpmn7jq92y50himfj-shellcheck-0.9.0-bin');
INSERT INTO nixpkg_rev VALUES('shellharden','8a4c17493e5c39769f79117937c79e1c88de6729','/nix/store/7d2pjr3al719kmac64r88dv2dvinkl97-shellharden-4.3.0');
INSERT INTO nixpkg_rev VALUES('shfmt','8a4c17493e5c39769f79117937c79e1c88de6729','/nix/store/xq9n0z5b0v8nnxgii0jh4ry211irnvc5-shfmt-3.6.0');
INSERT INTO nixpkg_rev VALUES('sqlar','8a4c17493e5c39769f79117937c79e1c88de6729','/nix/store/kjy6524jlc4l28dv42fvga4346yvdmc9-sqlar-2018-01-07');
INSERT INTO nixpkg_rev VALUES('sqldiff','8a4c17493e5c39769f79117937c79e1c88de6729','/nix/store/qc0qh11lhl4sj6b2p1279rqmlqdnyapx-sqldiff-3.41.2');
INSERT INTO nixpkg_rev VALUES('sqlite-analyzer','8a4c17493e5c39769f79117937c79e1c88de6729','/nix/store/xin3lqc272aaszz43j7h26dph1imissm-sqlite-analyzer-3.41.2');
INSERT INTO nixpkg_rev VALUES('sqlite-interactive','8a4c17493e5c39769f79117937c79e1c88de6729','/nix/store/hcl6i1gh0a079qywifd3acm3dyqaidnn-sqlite-interactive-3.41.2-bin');
INSERT INTO nixpkg_rev VALUES('squashfuse','8a4c17493e5c39769f79117937c79e1c88de6729','/nix/store/2r13g6h8ky4568rjsv2vm7hrcjqfxf5y-squashfuse-0.1.105');
INSERT INTO nixpkg_rev VALUES('syncthing','8a4c17493e5c39769f79117937c79e1c88de6729','/nix/store/200yz4z9jpj8da9k39bk4ddiz331iwbx-syncthing-1.23.4');
INSERT INTO nixpkg_rev VALUES('sysstat','8a4c17493e5c39769f79117937c79e1c88de6729','/nix/store/95iynpjiz7n2whalj35nli1q0hx0n1qc-sysstat-12.6.2');
INSERT INTO nixpkg_rev VALUES('tiptop','8a4c17493e5c39769f79117937c79e1c88de6729','/nix/store/qf2jqfdrjq9955n6qn17k63yvvsqqmlq-tiptop-2.3.1');
INSERT INTO nixpkg_rev VALUES('tmux','8a4c17493e5c39769f79117937c79e1c88de6729','/nix/store/qnqjcy7341wv33p3d7w22b7b0anh4c1m-tmux-3.3a');
INSERT INTO nixpkg_rev VALUES('transmission','8a4c17493e5c39769f79117937c79e1c88de6729','/nix/store/j65vjd34pwigwhz830w9bb7sidaa7xjf-transmission-3.00');
INSERT INTO nixpkg_rev VALUES('unpaper','8a4c17493e5c39769f79117937c79e1c88de6729','/nix/store/gainqpy0a2qmfh87pkvbgl0jz63rmqsc-unpaper-7.0.0');
INSERT INTO nixpkg_rev VALUES('vips','8a4c17493e5c39769f79117937c79e1c88de6729','/nix/store/99nasps1dq42lhz4ppba2pf5zywqjl2c-vips-8.14.2-bin');
INSERT INTO nixpkg_rev VALUES('wayland-utils','8a4c17493e5c39769f79117937c79e1c88de6729','/nix/store/qiy7kaqx0vnbnkkmr75c0bhjlc9c06cw-wayland-utils-1.1.0');
INSERT INTO nixpkg_rev VALUES('waypipe','8a4c17493e5c39769f79117937c79e1c88de6729','/nix/store/ysydjk8aimw18dcqaa5as899i16zqbg7-waypipe-0.8.6');
INSERT INTO nixpkg_rev VALUES('wayvnc','8a4c17493e5c39769f79117937c79e1c88de6729','/nix/store/6gfdw4g4hvr8af2hf1c6lgrvsf8xv2sq-wayvnc-0.6.2');
INSERT INTO nixpkg_rev VALUES('wdomirror','8a4c17493e5c39769f79117937c79e1c88de6729','/nix/store/2zpc3iv1rn74vrpwym21lh3qdqlkv09z-wdomirror-unstable-2021-01-08');
INSERT INTO nixpkg_rev VALUES('wev','8a4c17493e5c39769f79117937c79e1c88de6729','/nix/store/c2bgsn0k593knd0224l3kis0b4mh6g21-wev-1.0.0');
INSERT INTO nixpkg_rev VALUES('wf-recorder','8a4c17493e5c39769f79117937c79e1c88de6729','/nix/store/mhq6xzl8j30qbaf9wb8bpmzpbm9lariv-wf-recorder-0.3.0');
INSERT INTO nixpkg_rev VALUES('wl-clipboard','8a4c17493e5c39769f79117937c79e1c88de6729','/nix/store/d5c7vpsm6kra3g5v75f7kn5j5ra94dc5-wl-clipboard-2.1.0');
INSERT INTO nixpkg_rev VALUES('wl-mirror','8a4c17493e5c39769f79117937c79e1c88de6729','/nix/store/jafs8pp2cnnawk9bdbi8ypyg51b4nmw4-wl-mirror-0.13.1');
INSERT INTO nixpkg_rev VALUES('wlrctl','8a4c17493e5c39769f79117937c79e1c88de6729','/nix/store/0003bvbqw19lmkigi6y1qpslxkaldsg0-wlrctl-0.2.1');
INSERT INTO nixpkg_rev VALUES('wlroots','8a4c17493e5c39769f79117937c79e1c88de6729','/nix/store/q3lvg42m5agfxzi4y170x2brirpyinic-wlroots-0.15.1');
INSERT INTO nixpkg_rev VALUES('wmctrl','8a4c17493e5c39769f79117937c79e1c88de6729','/nix/store/dpwzwqs3nq7m0rnxcs0y5g9si786hb0n-wmctrl-1.07');
INSERT INTO nixpkg_rev VALUES('wtype','8a4c17493e5c39769f79117937c79e1c88de6729','/nix/store/hbk0ba94wh96qcgr7k2fch18yhfn3aaf-wtype-0.4');
INSERT INTO nixpkg_rev VALUES('xfce.exo','8a4c17493e5c39769f79117937c79e1c88de6729','/nix/store/a1mkhas087w1spgay6x92wkv0r2ph68p-exo-4.18.0');
INSERT INTO nixpkg_rev VALUES('xfce.gigolo','8a4c17493e5c39769f79117937c79e1c88de6729','/nix/store/g0960y96mr2ckg6sqqcxwfj9c3la2jy1-gigolo-0.5.2');
INSERT INTO nixpkg_rev VALUES('xorg.xrandr','8a4c17493e5c39769f79117937c79e1c88de6729','/nix/store/wwb6xnmh1ii29k2vii0khmb60rd3p5b1-xrandr-1.5.1');
INSERT INTO nixpkg_rev VALUES('xterm','8a4c17493e5c39769f79117937c79e1c88de6729','/nix/store/17mwmq5737n9afyhz2ivsp0zlqh75457-xterm-384');
INSERT INTO nixpkg_rev VALUES('zathura','8a4c17493e5c39769f79117937c79e1c88de6729','/nix/store/scjb8nbdiiim8ybhc31867w7ipwpvhnm-zathura-with-plugins-0.5.2');
INSERT INTO nixpkg_rev VALUES('zstd','8a4c17493e5c39769f79117937c79e1c88de6729','/nix/store/7gqmifamblx3zb25qcrxdsmsi3az7an2-zstd-1.5.5-bin');
COMMIT;
